Rk,Player,Pos,Age,Tm,G,GS,MP,FG,FGA,FG%,3P,3PA,3P%,2P,2PA,2P%,eFG%,FT,FTA,FT%,ORB,DRB,TRB,AST,STL,BLK,TOV,PF,PTS,Player-additional
1,Precious Achiuwa,C,23,TOR,39,11,23,3.8,8,0.479,0.5,2,0.256,3.3,6,0.553,0.511,1.9,2.7,0.689,2.1,4.4,6.5,1,0.6,0.6,1.2,2.1,10.1,achiupr01
2,Steven Adams,C,29,MEM,42,42,27,3.7,6.3,0.597,0,0,0,3.7,6.2,0.599,0.597,1.1,3.1,0.364,5.1,6.5,11.5,2.3,0.9,1.1,1.9,2.3,8.6,adamsst01
3,Bam Adebayo,C,25,MIA,58,58,34.9,8.4,15.6,0.538,0,0.2,0.083,8.4,15.4,0.544,0.538,4.4,5.5,0.803,2.6,7.2,9.8,3.2,1.2,0.8,2.5,2.8,21.2,adebaba01
4,Ochai Agbaji,SG,22,UTA,40,3,15.7,1.9,3.9,0.478,1,2.5,0.398,0.9,1.5,0.61,0.602,0.4,0.6,0.682,0.7,1.1,1.8,0.6,0.2,0.2,0.4,1.4,5.1,agbajoc01
5,Santi Aldama,PF,22,MEM,58,18,21.9,3.3,7,0.477,1.3,3.7,0.363,2,3.3,0.601,0.572,1.3,1.8,0.729,1,3.6,4.6,1.2,0.7,0.7,0.7,1.9,9.3,aldamsa01
6,Nickeil Alexander-Walker,SG,24,TOT,41,3,14.6,2.3,4.9,0.477,1,2.4,0.41,1.3,2.4,0.545,0.58,0.7,1,0.675,0.2,1.4,1.7,2,0.6,0.4,1.2,1.5,6.3,alexani01
6,Nickeil Alexander-Walker,SG,24,UTA,36,3,14.7,2.3,4.7,0.488,1,2.4,0.402,1.3,2.3,0.578,0.591,0.8,1.1,0.692,0.2,1.4,1.6,2.1,0.7,0.4,1.3,1.6,6.3,alexani01
6,Nickeil Alexander-Walker,SG,24,MIN,5,0,13.8,2.4,5.8,0.414,1.2,2.6,0.462,1.2,3.2,0.375,0.517,0,0.2,0,0.4,1.4,1.8,0.8,0.4,0.6,0.8,0.8,6,alexani01
7,Grayson Allen,SG,27,MIL,58,56,27.6,3.4,7.7,0.442,2,5,0.405,1.4,2.7,0.509,0.573,1.7,1.8,0.897,0.9,2.4,3.4,2.4,0.8,0.2,1.1,1.7,10.5,allengr01
8,Jarrett Allen,C,24,CLE,58,58,33.3,6.1,9.4,0.652,0,0.2,0.111,6.1,9.2,0.661,0.653,2.4,3.3,0.731,3.2,6.7,9.9,1.6,0.8,1.2,1.4,2.2,14.7,allenja01
9,Jose Alvarado,PG,24,NOP,61,10,21.5,3.3,8,0.411,1.4,4,0.336,1.9,4,0.488,0.496,1.1,1.3,0.813,0.5,1.9,2.3,3,1.1,0.2,1.3,2,9,alvarjo01
10,Kyle Anderson,PF,29,MIN,51,35,26.2,3.2,6.4,0.503,0.6,1.4,0.417,2.6,5,0.528,0.549,1.6,2.2,0.764,0.8,4.2,4.9,4.1,1.2,0.8,1.4,2.2,8.7,anderky01
11,Giannis Antetokounmpo,PF,28,MIL,50,50,32.3,11.2,20.7,0.541,0.8,2.9,0.286,10.3,17.7,0.584,0.561,8.1,12.5,0.645,2.2,9.7,12,5.4,0.7,0.8,3.9,3.3,31.3,antetgi01
12,Thanasis Antetokounmpo,SF,30,MIL,28,0,4,0.2,0.8,0.273,0,0.2,0,0.2,0.6,0.353,0.273,0.1,0.3,0.5,0.3,0.7,1,0.1,0.1,0.1,0.3,0.5,0.6,antetth01
13,Cole Anthony,PG,22,ORL,43,3,24.9,4.2,9.6,0.443,1.1,3.3,0.338,3.1,6.3,0.498,0.501,2.6,2.9,0.88,0.6,4,4.6,4.1,0.6,0.6,1.5,2.5,12.1,anthoco01
14,OG Anunoby,SF,25,TOR,49,49,35.7,6.1,13.4,0.454,1.8,5.1,0.359,4.2,8.3,0.512,0.522,2.4,2.9,0.823,1.5,4,5.4,2,2,0.8,2.2,3.1,16.4,anunoog01
15,Ryan Arcidiacono,PG,28,TOT,14,1,4.9,0.3,1,0.286,0.3,0.6,0.444,0,0.4,0,0.429,0,0,,0,0.7,0.7,0.6,0.1,0,0.2,0.4,0.9,arcidry01
15,Ryan Arcidiacono,PG,28,NYK,11,0,2.4,0.1,0.5,0.2,0.1,0.3,0.333,0,0.2,0,0.3,0,0,,0,0.4,0.4,0.2,0.2,0,0.1,0.3,0.3,arcidry01
15,Ryan Arcidiacono,PG,28,POR,3,1,14.3,1,3,0.333,1,2,0.5,0,1,0,0.5,0,0,,0,2,2,2,0,0,0.7,1,3,arcidry01
16,Deni Avdija,SF,22,WAS,59,34,26.4,3.2,7.5,0.434,0.9,3,0.292,2.4,4.4,0.531,0.493,1.6,2.2,0.752,1.1,5.3,6.3,2.5,0.9,0.5,1.4,2.8,9,avdijde01
17,Deandre Ayton,C,24,PHO,54,54,30.4,8.1,13.8,0.592,0.1,0.4,0.304,8,13.3,0.601,0.597,2.2,3,0.742,2.8,7.5,10.2,2,0.6,0.8,1.9,2.9,18.7,aytonde01
18,Udoka Azubuike,C,23,UTA,26,0,5.9,0.9,1.1,0.828,0,0,,0.9,1.1,0.828,0.828,0.1,0.3,0.25,0.6,1.5,2.2,0.2,0.2,0.3,0.4,0.5,1.9,azubuud01
19,Marvin Bagley III,C,23,DET,28,13,21.5,4.6,8.6,0.535,0.3,1.3,0.243,4.3,7.3,0.588,0.554,1.7,2.4,0.716,2.5,4.2,6.7,0.6,0.5,0.7,0.9,2,11.3,baglema01
20,Patrick Baldwin Jr.,SF,20,GSW,20,0,8.8,1.8,4.1,0.439,1.5,3.2,0.453,0.4,0.9,0.389,0.616,0.2,0.3,0.667,0.1,1.5,1.5,0.2,0.3,0.1,0.5,0.4,5.3,baldwpa01
21,LaMelo Ball,PG,21,CHO,36,36,35.2,8.2,20,0.411,4,10.6,0.376,4.2,9.4,0.45,0.51,2.8,3.4,0.836,1.2,5.3,6.4,8.4,1.3,0.3,3.6,3.3,23.3,ballla01
22,Mo Bamba,C,24,TOT,45,7,16.6,2.5,5.2,0.491,1.1,2.7,0.397,1.5,2.5,0.595,0.595,0.9,1.4,0.656,1.2,3.6,4.7,1,0.3,0.9,0.6,2.2,7,bambamo01
22,Mo Bamba,C,24,ORL,40,6,17,2.7,5.4,0.495,1.1,2.7,0.398,1.6,2.7,0.594,0.596,0.9,1.3,0.686,1.2,3.4,4.6,1.1,0.3,1,0.6,2.2,7.3,bambamo01
22,Mo Bamba,C,24,LAL,5,1,13.4,1.6,3.6,0.444,1,2.6,0.385,0.6,1,0.6,0.583,1,2,0.5,1,4.8,5.8,0.8,0.2,0.8,1.4,3,5.2,bambamo01
23,Paolo Banchero,PF,20,ORL,56,56,33.7,6.5,15.4,0.419,1.1,4,0.271,5.4,11.4,0.472,0.455,5.6,7.5,0.752,1.1,5.5,6.6,3.6,0.9,0.5,2.7,2.2,19.7,banchpa01
24,Desmond Bane,SG,24,MEM,39,39,31,7.6,16.1,0.471,3,7.1,0.421,4.6,9,0.511,0.564,3.2,3.5,0.899,0.7,4.4,5.1,4.1,1,0.4,2.1,2.4,21.4,banede01
25,Dalano Banton,PG,23,TOR,27,2,9.3,1.7,4.1,0.411,0.5,1.7,0.283,1.2,2.4,0.5,0.469,0.6,0.7,0.789,0.3,1,1.3,1.1,0.5,0.4,0.6,1.1,4.4,bantoda01
26,Dominick Barlow,SF,19,SAS,11,0,10.1,1.3,2.4,0.538,0,0.4,0,1.3,2,0.636,0.538,0.8,0.9,0.9,1.3,1.3,2.5,0.6,0.2,0.2,0.5,1.9,3.4,barlodo01
27,Harrison Barnes,PF,30,SAC,61,61,32.7,4.6,9.7,0.472,1.7,4.4,0.378,2.9,5.2,0.552,0.559,4.2,5,0.838,1,3.7,4.7,1.7,0.8,0.1,1.1,1.3,15,barneha02
28,Scottie Barnes,PF,21,TOR,60,59,35.3,6,13.2,0.451,1,3.1,0.306,5,10.1,0.495,0.487,2.6,3.4,0.762,2.4,4.7,7.1,4.8,1,0.9,2,2.2,15.5,barnesc01
29,RJ Barrett,SG,22,NYK,57,57,34,6.9,16,0.429,1.8,5.4,0.334,5.1,10.6,0.477,0.485,3.9,5.3,0.75,0.9,4.2,5.1,2.8,0.5,0.2,2.3,2.6,19.5,barrerj01
30,Will Barton,SG,32,TOT,41,0,19.2,2.7,7,0.385,1.3,3.4,0.374,1.4,3.6,0.395,0.476,0.9,1.1,0.778,0.2,2.5,2.7,2.3,0.4,0.2,1.1,1,7.5,bartowi01
30,Will Barton,SG,32,WAS,40,0,19.6,2.8,7.1,0.386,1.3,3.5,0.377,1.5,3.7,0.395,0.477,0.9,1.1,0.778,0.3,2.5,2.8,2.4,0.4,0.3,1.1,1,7.7,bartowi01
30,Will Barton,SG,32,TOR,1,0,4,0,1,0,0,1,0,0,0,,0,0,0,,0,0,0,1,0,0,0,0,0,bartowi01
31,Charles Bassey,C,22,SAS,29,1,14.1,2.2,3.5,0.627,0.1,0.2,0.429,2.1,3.3,0.642,0.642,0.7,1.1,0.645,2.1,3.5,5.7,1.2,0.4,0.9,1.1,2.1,5.2,bassech01
32,Keita Bates-Diop,SF,27,SAS,48,26,20.8,3.1,6.4,0.489,0.6,1.6,0.354,2.5,4.8,0.535,0.534,1.4,1.8,0.791,1,2.5,3.5,1.2,0.7,0.3,0.8,1,8.3,bateske01
33,Nicolas Batum,PF,34,LAC,60,11,22,2.1,5,0.419,1.6,4.1,0.387,0.5,0.9,0.564,0.577,0.5,0.7,0.667,0.9,3.3,4.2,1.5,0.7,0.7,0.7,2,6.2,batumni01
34,Darius Bazley,PF,22,OKC,36,1,15.4,2,4.4,0.449,0.5,1.3,0.4,1.5,3.1,0.469,0.506,1,1.8,0.554,0.8,2.6,3.4,0.9,0.5,0.8,0.6,1,5.4,bazleda01
35,Bradley Beal,SG,29,WAS,39,39,33.1,8.9,17.2,0.517,1.7,4.6,0.369,7.2,12.6,0.571,0.567,3.7,4.4,0.841,0.8,2.8,3.6,5.4,0.9,0.6,2.8,1.9,23.1,bealbr01
36,Malik Beasley,SG,26,TOT,62,18,26.6,4.8,12.2,0.396,3.1,8.6,0.358,1.7,3.6,0.486,0.522,0.6,0.8,0.787,0.4,3.1,3.5,1.7,0.9,0.1,1.1,1.5,13.3,beaslma01
36,Malik Beasley,SG,26,UTA,55,13,26.8,4.8,12.2,0.396,3.1,8.6,0.359,1.7,3.6,0.485,0.522,0.7,0.8,0.841,0.5,3.1,3.6,1.7,0.8,0.1,1.1,1.4,13.4,beaslma01
36,Malik Beasley,SG,26,LAL,7,5,25.7,4.9,12.4,0.391,3.1,9,0.349,1.7,3.4,0.5,0.517,0,0.4,0,0,3.1,3.1,1.7,1.6,0,1.4,2.1,12.9,beaslma01
37,MarJon Beauchamp,SF,22,MIL,41,9,14,2,5,0.39,0.9,2.9,0.317,1,2.1,0.494,0.483,0.5,0.7,0.724,0.8,1.4,2.2,0.6,0.4,0.1,0.9,1.5,5.3,beaucma01
38,Dāvis Bertāns,PF,30,DAL,34,0,10.6,1.4,3.3,0.423,1.1,2.9,0.381,0.3,0.4,0.714,0.59,0.3,0.4,0.833,0.2,0.8,0.9,0.4,0.2,0.1,0.3,1.1,4.1,bertada01
39,Patrick Beverley,PG,34,TOT,49,49,27,2.1,5.3,0.402,1.2,3.5,0.335,1,1.8,0.528,0.512,0.9,1.2,0.721,0.6,2.8,3.4,2.8,0.9,0.6,0.9,2.8,6.3,beverpa01
39,Patrick Beverley,PG,34,LAL,45,45,26.9,2.2,5.4,0.402,1.2,3.5,0.348,0.9,1.8,0.506,0.517,0.9,1.1,0.78,0.5,2.6,3.1,2.6,0.9,0.6,0.9,2.8,6.4,beverpa01
39,Patrick Beverley,PG,34,CHI,4,4,27.8,1.8,4.5,0.389,0.5,3,0.167,1.3,1.5,0.833,0.444,1.3,2.8,0.455,1.5,5.3,6.8,4.8,1,0.8,1,2.8,5.3,beverpa01
40,Saddiq Bey,SF,23,TOT,57,32,28.5,4.6,11.3,0.407,2,5.6,0.362,2.6,5.7,0.452,0.497,3.2,3.7,0.863,1.1,3.5,4.7,1.5,0.9,0.2,1,1.6,14.4,beysa01
40,Saddiq Bey,SF,23,DET,52,30,28.8,4.7,11.7,0.404,1.9,5.6,0.345,2.8,6,0.46,0.488,3.5,4,0.861,1.1,3.5,4.7,1.6,1,0.2,1,1.7,14.8,beysa01
40,Saddiq Bey,SF,23,ATL,5,2,25.2,3.4,7.4,0.459,2.8,5,0.56,0.6,2.4,0.25,0.649,0.6,0.6,1,1.2,3.6,4.8,0.6,0.6,0.2,0.8,1.2,10.2,beysa01
41,Khem Birch,C,30,TOR,20,0,8.1,1,1.6,0.594,0.1,0.1,0.5,0.9,1.5,0.6,0.609,0.2,0.3,0.8,0.4,0.9,1.3,0.4,0.3,0.3,0.4,1.2,2.2,birchkh01
42,Goga Bitadze,C,23,TOT,23,0,9.4,1.3,2.5,0.526,0.2,0.7,0.313,1.1,1.8,0.61,0.57,0.6,1.1,0.5,1.2,1.3,2.5,0.8,0.4,0.4,0.5,1.5,3.4,bitadgo01
42,Goga Bitadze,C,23,IND,21,0,9.6,1.3,2.5,0.519,0.2,0.7,0.286,1.1,1.8,0.605,0.558,0.5,1.1,0.458,1.2,1.1,2.3,0.9,0.4,0.5,0.6,1.6,3.3,bitadgo01
42,Goga Bitadze,C,23,ORL,2,0,7,1.5,2.5,0.6,0.5,1,0.5,1,1.5,0.667,0.7,1,1,1,1,3,4,0.5,0,0,0,0.5,4.5,bitadgo01
43,Bismack Biyombo,C,30,PHO,46,9,14,1.7,3,0.572,0,0,,1.7,3,0.572,0.572,0.3,1.1,0.314,1.1,3,4.1,0.9,0.3,1.3,0.9,1.8,3.8,biyombi01
44,Buddy Boeheim,PG,23,DET,1,0,1,0,0,,0,0,,0,0,,,0,0,,0,0,0,0,0,0,0,0,0,boehebu01
45,Bogdan Bogdanović,SG,30,ATL,37,5,29.3,5.4,12.2,0.439,2.8,7,0.402,2.5,5.2,0.49,0.554,1.2,1.5,0.796,0.4,3,3.4,3,0.9,0.3,1.3,1.6,14.7,bogdabo01
46,Bojan Bogdanović,PF,33,DET,59,59,32.1,7.3,14.9,0.488,2.5,6,0.411,4.8,9,0.539,0.57,4.5,5.1,0.884,0.6,3.2,3.8,2.6,0.6,0.1,2.3,1.9,21.6,bogdabo02
47,Bol Bol,PF,23,ORL,58,32,22.7,4.1,7.1,0.575,0.5,1.5,0.315,3.6,5.6,0.646,0.609,1.2,1.6,0.745,1.1,4.9,6,0.8,0.4,1.3,1.7,1.3,9.9,bolbo01
48,Leandro Bolmaro,SG,22,UTA,14,0,4.9,0.2,1.4,0.15,0,0.3,0,0.2,1.1,0.188,0.15,0,0,,0.3,0.2,0.5,0.5,0.2,0.1,0.5,0.7,0.4,bolmale01
49,Devin Booker,SG,26,PHO,36,36,34,9.7,20.3,0.477,2.2,6.2,0.35,7.5,14.1,0.533,0.53,5.3,6.3,0.836,0.8,3.8,4.6,5.7,0.8,0.4,2.5,2.8,26.8,bookede01
50,Brandon Boston Jr.,SG,21,LAC,21,1,11.8,2.4,5.8,0.421,0.6,1.4,0.414,1.9,4.4,0.424,0.471,1.4,1.8,0.763,0.3,1,1.4,0.9,0.4,0,0.6,1,6.8,bostobr01
51,Chris Boucher,PF,30,TOR,57,0,20.6,3.5,7.1,0.49,0.8,2.6,0.324,2.6,4.5,0.585,0.549,1.8,2.5,0.739,2.2,3.6,5.8,0.4,0.7,0.8,0.5,2,9.7,bouchch01
52,James Bouknight,SG,22,CHO,26,0,13.6,1.5,4.7,0.328,0.6,2.5,0.25,0.9,2.2,0.414,0.393,0.6,0.8,0.682,0.2,1.8,2,1.1,0.5,0.2,0.7,1.1,4.3,bouknja01
53,Jamaree Bouyea,PG,23,MIA,4,0,16.3,1.5,3.3,0.462,0.5,1.3,0.4,1,2,0.5,0.538,0.3,0.5,0.5,0.3,1,1.3,1,1,0.5,1,1.3,3.8,bouyeja01
54,Tony Bradley,C,25,CHI,12,0,2.8,0.5,1,0.5,0.3,0.4,0.6,0.3,0.6,0.429,0.625,0.3,0.3,1,0.1,0.8,0.9,0.1,0.1,0.1,0.1,0.2,1.6,bradlto01
55,Malaki Branham,SF,19,SAS,48,15,22.4,3.7,8.3,0.445,1.1,3.7,0.313,2.6,4.7,0.549,0.514,0.8,1,0.792,0.4,1.8,2.2,2,0.5,0.1,1.1,1.7,9.4,branhma01
56,Christian Braun,SG,21,DEN,58,3,15,1.7,3.5,0.502,0.4,1.1,0.391,1.3,2.4,0.555,0.565,0.4,0.7,0.605,0.7,1.7,2.3,0.8,0.4,0.2,0.4,1.2,4.4,braunch01
57,Mikal Bridges,SF,26,TOT,63,63,36,6.5,13.8,0.47,1.9,4.7,0.397,4.7,9.2,0.508,0.537,3,3.4,0.901,1,3.4,4.4,3.5,1.2,0.8,1.4,2,17.9,bridgmi01
57,Mikal Bridges,SF,26,PHO,56,56,36.4,6.3,13.6,0.463,1.8,4.7,0.387,4.5,9,0.503,0.529,2.8,3.1,0.897,1,3.3,4.3,3.6,1.2,0.8,1.4,2.1,17.2,bridgmi01
57,Mikal Bridges,SF,26,BRK,7,7,32.9,8,15.4,0.519,2.3,4.9,0.471,5.7,10.6,0.541,0.593,5.1,5.6,0.923,1.4,3.6,5,3.1,1.3,0.7,1.7,1.9,23.4,bridgmi01
58,Oshae Brissett,SF,24,IND,49,1,16,1.7,4.5,0.388,0.8,2.4,0.333,0.9,2.1,0.451,0.477,1.2,1.8,0.693,0.9,2.5,3.4,0.5,0.6,0.2,0.4,1.3,5.5,brissos01
59,Malcolm Brogdon,PG,30,BOS,54,0,25.4,5.1,10.5,0.488,2,4.4,0.46,3.1,6.1,0.508,0.584,2.3,2.6,0.887,0.6,3.5,4.1,3.7,0.6,0.3,1.6,1.6,14.6,brogdma01
60,Dillon Brooks,SF,27,MEM,56,56,30.3,5.4,13.9,0.391,1.8,5.8,0.318,3.6,8.2,0.442,0.456,1.8,2.3,0.794,0.6,2.6,3.3,2.5,0.9,0.2,1.5,3.3,14.5,brookdi01
61,Bruce Brown,SG,26,DEN,62,28,28.6,4.4,9,0.487,1.3,3.5,0.383,3.1,5.6,0.551,0.56,1,1.5,0.722,0.7,3.2,3.9,3.5,1,0.6,1.6,2.3,11.1,brownbr01
62,Greg Brown III,PF,21,POR,16,0,5.8,0.7,1.8,0.393,0.1,0.4,0.143,0.6,1.3,0.476,0.411,0.3,0.8,0.417,0.1,1.1,1.2,0.2,0.3,0.3,0.4,0.8,1.8,browngr01
63,Jaylen Brown,SF,26,BOS,51,51,35.8,9.8,20.2,0.485,2.5,7.5,0.337,7.3,12.8,0.571,0.547,4.2,5.4,0.779,1.2,5.7,6.9,3.2,1.1,0.4,3,2.7,26.3,brownja02
64,Kendall Brown,SG,19,IND,6,0,6.7,0.7,1.2,0.571,0,0.2,0,0.7,1,0.667,0.571,0.2,0.3,0.5,0.3,0.7,1,0.5,0.7,0,0.3,1.5,1.5,brownke03
65,Moses Brown,C,23,LAC,34,1,8.5,1.8,2.8,0.635,0,0,,1.8,2.8,0.635,0.635,1,2.1,0.458,1.7,2.4,4.1,0.1,0.1,0.4,0.4,1.1,4.6,brownmo01
66,Sterling Brown,SG,27,LAL,4,0,6,0,1,0,0,0.5,0,0,0.5,0,0,0,0,,0.8,1.3,2,0.5,0.8,0,0,1,0,brownst02
67,Troy Brown Jr.,SF,23,LAL,57,33,24.2,2.7,6.1,0.434,1.3,3.5,0.361,1.4,2.6,0.534,0.539,0.5,0.5,0.964,0.9,3.2,4.2,1.1,0.7,0.2,0.7,1.5,7.1,browntr01
68,Jalen Brunson,PG,26,NYK,60,60,35.2,8.5,17.5,0.485,1.9,4.6,0.41,6.6,12.9,0.512,0.539,4.9,5.9,0.836,0.6,3,3.6,6.2,0.9,0.3,2,2.3,23.8,brunsja01
69,Thomas Bryant,C,25,TOT,48,25,20.2,4.4,6.8,0.637,0.5,1.1,0.431,3.9,5.8,0.675,0.671,1.9,2.6,0.732,1.6,4.9,6.5,0.6,0.3,0.6,0.7,1.9,11,bryanth01
69,Thomas Bryant,C,25,LAL,41,25,21.4,4.8,7.3,0.654,0.5,1.2,0.44,4.3,6.1,0.697,0.691,2,2.6,0.741,1.6,5.2,6.8,0.7,0.3,0.6,0.7,1.9,12.1,bryanth01
69,Thomas Bryant,C,25,DEN,7,0,13.4,1.7,3.9,0.444,0,0.1,0,1.7,3.7,0.462,0.444,1.4,2.1,0.667,1.4,3.1,4.6,0,0.1,0.7,0.9,1.7,4.9,bryanth01
70,Reggie Bullock,SF,31,DAL,61,38,30.4,2.4,5.9,0.401,1.9,5,0.378,0.5,0.9,0.527,0.561,0.4,0.6,0.686,0.5,3,3.5,1.4,0.8,0.2,0.5,2.3,7,bullore01
71,Alec Burks,SG,31,DET,50,7,22,3.9,9,0.44,1.9,4.6,0.416,2,4.3,0.465,0.547,3,3.7,0.814,0.4,2.7,3,2.2,0.7,0.1,1.1,1.9,12.8,burksal01
72,Deonte Burton,SG,29,SAC,2,0,3,0,1,0,0,0.5,0,0,0.5,0,0,0,0,,0,0,0,0,0,0,0,0,0,burtode02
73,Jimmy Butler,SF,33,MIA,48,48,33.3,7.2,13.9,0.52,0.5,1.6,0.321,6.7,12.2,0.547,0.539,6.8,8.1,0.845,2.2,3.7,5.9,5,2,0.3,1.7,1.3,21.8,butleji01
74,John Butler,C,20,POR,9,0,3.3,0.1,0.6,0.2,0,0.4,0,0.1,0.1,1,0.2,0,0,,0.1,0.1,0.2,0.1,0.1,0.3,0,0.2,0.2,butlejo01
75,Jamal Cain,SF,23,MIA,14,0,13.3,1.9,3.6,0.52,0.1,0.9,0.167,1.7,2.7,0.632,0.54,0.9,1.1,0.75,0.9,1.9,2.8,0.6,0.6,0,0.3,1.1,4.7,cainja01
76,Kentavious Caldwell-Pope,SG,29,DEN,60,60,31.4,4.1,8.5,0.481,1.9,4.3,0.451,2.2,4.2,0.512,0.595,1.4,1.6,0.837,0.5,2.4,2.9,2.4,1.4,0.5,1.2,2,11.5,caldwke01
77,Facundo Campazzo,PG,31,DAL,8,0,6.5,0.4,1.6,0.231,0.4,1.4,0.273,0,0.3,0,0.346,0.1,0.3,0.5,0,0.3,0.3,1.1,0.8,0,0.4,0.4,1.3,campafa01
78,Vlatko Čančar,PF,25,DEN,48,8,16.5,2.1,4.3,0.498,0.9,2.1,0.412,1.3,2.1,0.583,0.6,0.6,0.7,0.938,0.5,1.9,2.4,1.5,0.4,0.3,0.7,1.6,5.8,cancavl01
79,Clint Capela,C,28,ATL,46,44,26.8,5.4,8.7,0.627,0,0,0,5.4,8.7,0.628,0.627,1.1,1.9,0.591,4.2,7,11.3,0.9,0.7,1.3,0.8,2.2,12,capelca01
80,Vernon Carey Jr.,C,21,WAS,11,0,2.5,0.2,0.7,0.25,0,0,,0.2,0.7,0.25,0.25,0.2,0.2,1,0.3,0.7,1,0.3,0.2,0.2,0.2,0.5,0.5,careyve01
81,Jevon Carter,PG,27,MIL,62,33,22.6,2.8,6.6,0.427,1.6,3.8,0.411,1.3,2.8,0.448,0.545,0.4,0.5,0.794,0.5,2.2,2.7,2.5,1,0.4,1.1,2,7.6,carteje01
82,Wendell Carter Jr.,C,23,ORL,43,40,29.6,5.5,10.7,0.515,1.2,3.6,0.338,4.3,7.2,0.604,0.571,2.8,3.8,0.739,2.2,6.6,8.8,2.5,0.4,0.6,2.2,3,15.1,cartewe01
83,Alex Caruso,PG,28,CHI,53,23,24.2,1.9,4.3,0.441,0.8,2.3,0.375,1,2,0.514,0.54,0.9,1.2,0.803,0.6,2.5,3.1,3.2,1.6,0.6,1.3,2.5,5.5,carusal01
84,Julian Champagnie,SF,21,PHI,2,0,3.5,0,1,0,0,0.5,0,0,0.5,0,0,0,0,,0,0,0,0,0.5,0,0,0,0,champju02
85,Justin Champagnie,SF,21,TOR,3,0,3.7,1,1,1,0,0,,1,1,1,1,0,0,,0.3,1,1.3,0.3,0,0,0,0.3,2,champju01
86,Kennedy Chandler,PG,20,MEM,26,0,8.7,1,2.6,0.397,0.1,0.5,0.143,1,2.1,0.463,0.412,0.2,0.4,0.455,0.3,0.9,1.2,1.8,0.4,0.2,0.6,0.5,2.3,chandke01
87,Max Christie,SG,19,LAL,37,3,13.7,1.2,2.8,0.419,0.7,1.7,0.419,0.5,1.2,0.419,0.543,0.4,0.4,0.875,0.2,1.8,2,0.5,0.2,0.2,0.4,0.9,3.5,chrisma02
88,Josh Christopher,SG,21,HOU,44,1,10.8,2,4.3,0.458,0.3,1.2,0.259,1.7,3.1,0.537,0.495,0.6,0.9,0.718,0.3,0.9,1.2,1,0.4,0.2,0.9,0.8,4.9,chrisjo01
89,Brandon Clarke,PF,26,MEM,55,8,19.8,4.2,6.3,0.658,0,0.1,0.167,4.1,6.2,0.667,0.659,1.8,2.5,0.726,1.7,4,5.6,1.3,0.6,0.7,1,2.4,10.1,clarkbr01
90,Jordan Clarkson,SG,30,UTA,60,60,32.6,7.5,16.9,0.445,2.6,7.6,0.341,5,9.4,0.528,0.521,3.2,4,0.819,1.2,2.9,4,4.3,0.5,0.2,3.1,2,20.9,clarkjo01
91,Nic Claxton,C,23,BRK,58,58,29.3,5.4,7.6,0.71,0,0,0,5.4,7.6,0.713,0.71,1.7,3.3,0.516,2.4,6.6,9,1.7,0.8,2.5,1.3,2.8,12.5,claxtni01
92,Amir Coffey,SG,25,LAC,41,9,13.9,1.3,3.3,0.39,0.2,0.9,0.27,1,2.4,0.434,0.426,1.1,1.3,0.818,0.4,0.9,1.2,1.2,0.2,0.1,0.4,1.2,3.9,coffeam01
93,John Collins,PF,25,ATL,52,52,30.9,5.1,10.1,0.508,0.8,3.2,0.253,4.3,6.9,0.625,0.548,2.1,2.5,0.818,1.1,5.8,7,1.2,0.7,1.2,1.2,3.2,13.2,collijo01
94,Zach Collins,C,25,SAS,51,14,21.5,3.9,7.6,0.517,0.6,1.8,0.344,3.3,5.8,0.571,0.558,1.6,2.2,0.745,1.8,4.2,6,2.7,0.5,0.6,1.9,3.2,10.1,colliza01
95,Mike Conley,PG,35,TOT,49,48,29.8,3.5,8.7,0.403,1.8,5,0.362,1.7,3.7,0.459,0.507,1.7,2.1,0.812,0.4,2.1,2.5,7.4,1.1,0.2,1.7,2.1,10.4,conlemi01
95,Mike Conley,PG,35,UTA,43,42,29.7,3.6,8.7,0.408,1.8,5,0.362,1.8,3.8,0.469,0.511,1.8,2.2,0.813,0.4,2.1,2.5,7.7,1,0.2,1.7,2.2,10.7,conlemi01
95,Mike Conley,PG,35,MIN,6,6,30.8,3,8.2,0.367,1.8,5,0.367,1.2,3.2,0.368,0.48,0.7,0.8,0.8,0.7,2,2.7,5.8,1.5,0.2,1.3,1.5,8.5,conlemi01
96,Pat Connaughton,SG,30,MIL,44,27,25,2.9,7.5,0.389,2,5.8,0.348,0.9,1.7,0.526,0.523,0.4,0.7,0.6,0.8,4.2,5,1.3,0.7,0.1,0.6,1.1,8.3,connapa01
97,Robert Covington,PF,32,LAC,36,0,16.2,1.9,4.7,0.406,1,2.9,0.333,0.9,1.8,0.523,0.509,0.7,0.9,0.735,0.7,3,3.7,1.3,0.7,0.8,0.6,1.9,5.5,covinro01
98,Torrey Craig,SF,32,PHO,60,49,25.7,3,6.6,0.455,1.3,3.2,0.411,1.7,3.4,0.498,0.556,0.5,0.6,0.73,2.1,3.7,5.8,1.6,0.7,0.6,1,2.4,7.7,craigto01
99,Jae Crowder,SF,32,MIL,4,0,19.3,2,4,0.5,1.5,3,0.5,0.5,1,0.5,0.688,0.5,1,0.5,0.5,2.5,3,1.5,0.8,0,0.5,2.5,6,crowdja01
100,Jarrett Culver,SG,23,ATL,10,1,13.7,1.7,4.3,0.395,0.1,1.2,0.083,1.6,3.1,0.516,0.407,0.9,1.3,0.692,1,2.8,3.8,0.6,0.6,0.2,0.7,1.4,4.4,culveja01
101,Cade Cunningham,PG,21,DET,12,12,33.3,7.8,18.7,0.415,1.4,5.1,0.279,6.3,13.6,0.466,0.453,3,3.6,0.837,1,5.2,6.2,6,0.8,0.6,3.3,2.8,19.9,cunnica01
102,Seth Curry,SG,32,BRK,44,6,22,3.8,8.1,0.465,1.8,4.3,0.413,2,3.8,0.524,0.574,0.8,0.8,0.972,0.3,1.6,1.8,2,0.6,0.2,1,1.8,10.1,curryse01
103,Stephen Curry,PG,34,GSW,38,38,34.6,9.8,19.8,0.495,4.9,11.4,0.427,4.9,8.4,0.588,0.619,5,5.4,0.922,0.6,5.8,6.3,6.4,1,0.4,3.2,2.2,29.4,curryst01
104,Dyson Daniels,PG,19,NOP,41,11,19.3,1.7,3.8,0.449,0.5,1.5,0.333,1.2,2.3,0.521,0.513,0.4,0.7,0.621,0.7,2.7,3.4,2.4,0.8,0.3,1,1.8,4.3,daniedy01
105,Anthony Davis,C,29,LAL,38,36,33.3,9.7,17.3,0.561,0.3,1.4,0.236,9.3,15.8,0.591,0.571,6.1,7.5,0.811,3.3,9.2,12.6,2.4,1.1,2.1,2.1,2.7,25.8,davisan02
106,Johnny Davis,SG,20,WAS,13,0,4.8,0.5,1.4,0.333,0.1,0.3,0.25,0.4,1.1,0.357,0.361,0.2,0.2,1,0.1,0.5,0.6,0.2,0.1,0.1,0.2,1,1.2,davisjo06
107,Terence Davis,SG,25,SAC,48,4,13.8,2.6,5.9,0.438,1.4,3.8,0.372,1.1,2,0.561,0.559,0.6,0.7,0.886,0.4,2,2.4,1.2,0.8,0.3,0.9,1.8,7.2,daviste02
108,JD Davison,PG,20,BOS,6,0,2.3,0.3,1.3,0.25,0,0.5,0,0.3,0.8,0.4,0.25,0,0,,0,0.3,0.3,0.2,0.2,0,0.2,0,0.7,davisjd01
109,Darius Days,PF,23,HOU,4,0,6.3,1.3,3,0.417,0.8,2.5,0.3,0.5,0.5,1,0.542,0.5,0.5,1,0.3,1.3,1.5,0.3,0,0.3,0,0.5,3.8,daysda01
110,Dewayne Dedmon,C,33,MIA,30,0,11.7,2.1,4.3,0.496,0.4,1.2,0.297,1.8,3.1,0.576,0.539,1.1,1.5,0.727,0.9,2.7,3.6,0.5,0.2,0.5,0.6,2,5.7,dedmode01
111,Matthew Dellavedova,PG,32,SAC,26,0,6.2,0.5,1.4,0.351,0.3,0.7,0.368,0.2,0.7,0.333,0.446,0.2,0.3,0.571,0,0.3,0.3,1.3,0.2,0,0.4,0.6,1.4,dellama01
112,DeMar DeRozan,SF,33,CHI,57,57,36.1,9,17.8,0.508,0.5,1.5,0.307,8.6,16.2,0.527,0.521,6.4,7.4,0.876,0.5,4.1,4.6,5.1,1,0.5,2.2,2.7,25,derozde01
113,Moussa Diabaté,PF,21,LAC,18,1,9.6,1.2,2.2,0.525,0.1,0.1,0.5,1.1,2.1,0.526,0.538,0.6,0.9,0.625,1.6,0.9,2.5,0.2,0.3,0.3,0.5,0.7,2.9,diabamo01
114,Mamadi Diakite,PF,26,CLE,16,2,6.1,0.7,1.6,0.423,0.3,0.9,0.267,0.4,0.7,0.636,0.5,0,0,,0.2,0.6,0.8,0.1,0.1,0.4,0.4,0.8,1.6,diakima01
115,Hamidou Diallo,SG,24,DET,54,0,17.4,3.8,6.5,0.58,0.1,0.4,0.238,3.7,6.1,0.601,0.587,1.6,2.6,0.606,0.9,2.4,3.3,0.9,0.9,0.3,1.2,2.2,9.2,diallha01
116,Gorgui Dieng,C,33,SAS,21,1,9.6,1.1,3,0.387,0.6,2,0.279,0.6,0.9,0.632,0.484,0.2,0.3,0.833,0.9,1.8,2.6,1.4,0.1,0.3,0.8,1.4,3.1,dienggo01
117,Ousmane Dieng,SF,19,OKC,19,0,14.9,1.7,4.1,0.416,0.7,2.4,0.289,1,1.7,0.594,0.5,0.1,0.3,0.4,0.4,2.2,2.6,1.4,0.3,0.3,0.6,1.2,4.2,diengou01
118,Spencer Dinwiddie,PG,29,TOT,61,61,34,5.8,13,0.448,2.5,6.4,0.393,3.3,6.7,0.5,0.544,3.4,4,0.83,0.3,2.8,3.2,5.4,0.8,0.3,1.8,2.3,17.5,dinwisp01
118,Spencer Dinwiddie,PG,29,DAL,53,53,34.1,6,13.1,0.455,2.6,6.4,0.405,3.4,6.7,0.504,0.555,3.2,3.9,0.821,0.4,2.7,3.1,5.3,0.7,0.3,1.7,2.3,17.7,dinwisp01
118,Spencer Dinwiddie,PG,29,BRK,8,8,33.5,5,12.6,0.396,1.9,6,0.313,3.1,6.6,0.472,0.47,4.4,5,0.875,0.3,3.6,3.9,6.5,1.1,0,2.4,2.4,16.3,dinwisp01
119,Donte DiVincenzo,SG,26,GSW,52,17,25.8,3.3,7.4,0.444,2.2,5.2,0.424,1.1,2.2,0.491,0.592,0.7,0.8,0.818,0.9,3.3,4.2,3.3,1.3,0.1,1.5,1.8,9.5,divindo01
120,Luka Dončić,PG,23,DAL,53,53,36.4,11.2,22.2,0.506,2.7,7.8,0.349,8.5,14.3,0.591,0.567,8,11,0.731,0.9,7.9,8.8,8.1,1.5,0.5,3.6,2.6,33.2,doncilu01
121,Tyler Dorsey,SG,26,DAL,3,0,2.7,1.3,1.7,0.8,0.3,0.7,0.5,1,1,1,0.9,0,0,,0.3,0.3,0.7,0,0,0,0,0,3,dorsety01
122,Luguentz Dort,SG,23,OKC,55,54,30.1,4.8,11.9,0.404,1.9,5.4,0.345,3,6.5,0.453,0.482,2.6,3.5,0.758,1.5,2.8,4.3,2.2,1,0.3,1.3,3.2,14.1,dortlu01
123,Ayo Dosunmu,SG,23,CHI,61,49,27.9,3.8,7.6,0.498,0.8,2.5,0.316,3,5.1,0.587,0.55,0.9,1.1,0.806,0.7,2.5,3.1,2.8,0.7,0.3,1.4,2.5,9.2,dosunay01
124,Devon Dotson,PG,23,WAS,6,0,8.8,0.2,1.7,0.1,0.2,0.7,0.25,0,1,0,0.15,0,0,,1,0.7,1.7,1.3,0.8,0,0.5,1.5,0.5,dotsode01
125,Jeff Dowtin,PG,25,TOR,18,0,8.8,1.1,2.4,0.442,0.2,0.6,0.273,0.9,1.8,0.5,0.477,0.2,0.2,0.75,0.3,0.6,0.9,0.9,0.2,0.1,0.3,0.6,2.4,dowtije01
126,PJ Dozier,SG,26,SAC,5,0,2.2,0.4,0.8,0.5,0.2,0.6,0.333,0.2,0.2,1,0.625,0,0,,0,0.4,0.4,0,0.6,0,0,0,1,doziepj01
127,Goran Dragić,PG,36,CHI,51,0,15.4,2.5,5.9,0.425,0.9,2.5,0.352,1.6,3.4,0.48,0.5,0.5,0.8,0.659,0.3,1.1,1.4,2.7,0.2,0.1,1.1,1.2,6.4,dragigo01
128,Andre Drummond,C,29,CHI,50,0,13,2.7,4.3,0.619,0,0,0,2.7,4.3,0.624,0.619,1,1.9,0.531,2.2,4.6,6.8,0.6,0.7,0.3,1.2,1.9,6.3,drumman01
129,Chris Duarte,SF,25,IND,39,10,18.7,2.5,7,0.361,1.1,3.7,0.297,1.4,3.3,0.434,0.44,1.4,1.7,0.836,0.4,2,2.4,1.4,0.5,0.2,0.8,1.4,7.6,duartch01
130,David Duke Jr.,SG,23,BRK,17,0,8.6,1.3,2.9,0.44,0,0.4,0,1.3,2.6,0.5,0.44,0.3,0.5,0.556,0.4,0.5,0.9,0.8,0.4,0.1,0.8,1.5,2.9,dukeda01
131,Kris Dunn,PG,28,UTA,3,0,22,5.3,10,0.533,0.7,2.3,0.286,4.7,7.7,0.609,0.567,1,1.7,0.6,1.3,1.7,3,4,1.7,0.3,0.7,2.7,12.3,dunnkr01
132,Kevin Durant,PF-SF,34,TOT,40,40,35.8,10.5,18.7,0.561,1.8,4.8,0.378,8.7,13.9,0.624,0.609,6.7,7.2,0.934,0.4,6.4,6.7,5.2,0.8,1.5,3.5,2.3,29.5,duranke01
132,Kevin Durant,PF,34,BRK,39,39,36,10.5,18.8,0.559,1.8,4.8,0.376,8.7,14,0.622,0.607,6.8,7.3,0.934,0.4,6.4,6.7,5.3,0.8,1.5,3.5,2.4,29.7,duranke01
132,Kevin Durant,SF,34,PHO,1,1,27,10,15,0.667,2,4,0.5,8,11,0.727,0.733,1,1,1,0,6,6,2,0,2,2,0,23,duranke01
133,Jalen Duren,C,19,DET,52,27,25.1,3.6,5.6,0.645,0,0,0,3.6,5.6,0.647,0.645,1.3,2.2,0.611,3.3,5.4,8.7,1.1,0.6,0.9,1.2,2.7,8.5,durenja01
134,Tari Eason,PF,21,HOU,62,3,19.9,3.4,7.7,0.446,0.7,2,0.35,2.7,5.7,0.479,0.491,1.3,1.7,0.757,2.3,3.4,5.7,1,1.1,0.6,1.1,2.2,8.9,easonta01
135,Anthony Edwards,SG,21,MIN,64,64,36.4,8.9,19.5,0.458,2.6,7.3,0.363,6.3,12.2,0.514,0.526,4.2,5.4,0.777,0.6,5.3,5.9,4.5,1.7,0.7,3.4,2.5,24.6,edwaran01
136,Kessler Edwards,SF,22,TOT,16,1,5.8,0.4,1.8,0.214,0.1,0.9,0.143,0.3,0.9,0.286,0.25,0.1,0.1,0.5,0.4,0.6,1,0.3,0.2,0.1,0.3,0.2,0.9,edwarke02
136,Kessler Edwards,SF,22,BRK,14,1,5.6,0.4,1.7,0.25,0.1,0.9,0.167,0.3,0.9,0.333,0.292,0.1,0.1,0.5,0.4,0.6,1,0.1,0.2,0.1,0.3,0.2,1.1,edwarke02
136,Kessler Edwards,SF,22,SAC,2,0,7,0,2,0,0,1,0,0,1,0,0,0,0,,0.5,0.5,1,1,0,0,0,0,0,edwarke02
137,Keon Ellis,SG,23,SAC,9,0,4,0.7,1.1,0.6,0.6,0.9,0.625,0.1,0.2,0.5,0.85,0.2,0.3,0.667,0.3,0.4,0.8,0.3,0.2,0.1,0.1,0.7,2.1,elliske01
138,Joel Embiid,C,28,PHI,48,48,35.1,10.9,20.6,0.532,1,3.1,0.338,9.9,17.5,0.566,0.557,10.1,11.7,0.86,1.8,8.6,10.4,4.1,1.1,1.6,3.5,3.2,33,embiijo01
139,Drew Eubanks,C,25,POR,60,17,19.7,2.5,3.6,0.682,0.1,0.1,0.429,2.4,3.5,0.69,0.689,1,1.5,0.655,1.7,3.4,5.1,1.2,0.5,1.2,0.8,2.3,5.9,eubandr01
140,Bruno Fernando,C,24,TOT,33,4,11.2,1.5,2.9,0.521,0,0,0,1.5,2.9,0.526,0.521,0.9,1.3,0.682,1.5,2.3,3.8,0.9,0.2,0.9,0.7,2.1,3.9,fernabr01
140,Bruno Fernando,C,24,HOU,31,4,11.7,1.5,3,0.516,0,0,0,1.5,3,0.522,0.516,1,1.4,0.682,1.5,2.4,3.9,1,0.2,1,0.6,2.2,4.1,fernabr01
140,Bruno Fernando,C,24,ATL,2,0,3,1,1.5,0.667,0,0,,1,1.5,0.667,0.667,0,0,,0.5,0.5,1,0.5,0,0,1,0.5,2,fernabr01
141,Dorian Finney-Smith,PF,29,TOT,48,48,31.5,3.1,7.6,0.405,1.8,5.2,0.335,1.3,2.4,0.561,0.521,0.7,1,0.739,1.6,3.2,4.8,1.5,0.9,0.4,0.9,2.1,8.6,finnedo01
141,Dorian Finney-Smith,PF,29,DAL,40,40,32.2,3.2,7.8,0.416,1.9,5.4,0.355,1.3,2.3,0.559,0.54,0.8,1,0.75,1.7,3,4.7,1.5,1,0.5,0.9,2,9.1,finnedo01
141,Dorian Finney-Smith,PF,29,BRK,8,8,28,2.4,6.9,0.345,0.9,4.3,0.206,1.5,2.6,0.571,0.409,0.5,0.8,0.667,1.4,4.1,5.5,1.5,0.4,0.1,1,2.8,6.1,finnedo01
142,Malachi Flynn,PG,24,TOR,43,1,13.7,1.7,4.7,0.37,1,2.6,0.378,0.7,2.1,0.36,0.475,0.4,0.6,0.708,0.3,1.2,1.5,1.5,0.4,0.1,0.4,1.3,4.8,flynnma01
143,Simone Fontecchio,SF,27,UTA,34,0,10.2,1.2,3.7,0.331,0.7,2.6,0.287,0.5,1.2,0.425,0.429,0.5,0.6,0.773,0.5,0.6,1.1,0.6,0.2,0.2,0.6,0.9,3.7,fontesi01
144,Bryn Forbes,SG,29,MIN,25,0,10.7,1.2,3.3,0.361,0.6,1.8,0.304,0.6,1.5,0.432,0.446,0.6,0.6,1,0.2,0.4,0.6,0.7,0.3,0.1,0.5,0.9,3.6,forbebr01
145,Trent Forrest,PG,24,ATL,18,3,13.3,1.3,2.8,0.48,0,0.1,0,1.3,2.7,0.5,0.48,0.1,0.2,0.667,0.3,1.3,1.6,1.7,0.3,0.1,0.6,0.9,2.8,forretr01
146,Michael Foster Jr.,PF,20,PHI,1,0,1,0,0,,0,0,,0,0,,,0,0,,0,0,0,0,0,0,0,0,0,fostemi02
147,Evan Fournier,SG,30,NYK,23,7,18,2.3,6.6,0.351,1.4,4.4,0.324,0.9,2.1,0.408,0.46,0.8,0.9,0.857,0.2,1.8,2,1.5,0.6,0.1,0.8,1.9,6.8,fournev01
148,De'Aaron Fox,PG,25,SAC,55,55,34.1,9.4,18.3,0.515,1.6,4.8,0.331,7.9,13.5,0.581,0.559,4.9,6.3,0.786,0.5,3.8,4.3,6.3,1.1,0.3,2.7,2.5,25.4,foxde01
149,Markelle Fultz,PG,24,ORL,42,42,29.3,5.5,11,0.504,0.4,1.4,0.316,5.1,9.6,0.531,0.524,1.9,2.4,0.782,1.3,2.8,4.1,5.5,1.5,0.4,2.3,2,13.4,fultzma01
150,Wenyen Gabriel,PF,25,LAL,49,2,15.2,2.6,4.2,0.612,0.2,0.6,0.3,2.4,3.6,0.665,0.633,0.8,1.3,0.619,1.7,2.3,4,0.4,0.3,0.5,0.7,2.2,6.1,gabriwe01
151,Daniel Gafford,C,24,WAS,59,28,19.1,3.4,4.6,0.749,0,0,,3.4,4.6,0.749,0.749,1.6,2.5,0.644,2,3.4,5.4,0.9,0.4,1.3,1,2.3,8.5,gaffoda01
152,Darius Garland,PG,23,CLE,55,55,35.2,7.6,16.2,0.47,2.6,6.1,0.424,5,10.1,0.498,0.551,4.2,4.9,0.858,0.4,2.2,2.7,7.9,1.3,0.1,2.9,2.1,22,garlada01
153,Usman Garuba,PF,20,HOU,55,1,13.5,1.3,2.4,0.523,0.3,0.6,0.5,0.9,1.8,0.531,0.587,0.4,0.7,0.575,1.7,2.8,4.5,0.9,0.7,0.5,0.7,1.7,3.2,garubus01
154,Luka Garza,C,24,MIN,23,0,9.1,2.3,4.4,0.529,0.6,1.6,0.361,1.8,2.9,0.621,0.593,1.7,2.1,0.792,1.3,1.2,2.4,0.6,0.1,0,0.4,1.5,6.9,garzalu01
155,Rudy Gay,PF,36,UTA,47,0,14.5,1.8,4.9,0.371,0.5,2.1,0.228,1.3,2.7,0.484,0.421,0.7,0.9,0.875,0.7,2.3,3,0.9,0.3,0.3,0.6,1.2,4.9,gayru01
156,Paul George,SG,32,LAC,47,47,34.4,8.1,17.6,0.462,2.9,7.7,0.383,5.2,9.9,0.523,0.545,4.4,5,0.869,0.7,5.4,6.1,5.2,1.5,0.4,3.3,2.7,23.5,georgpa01
157,Taj Gibson,C,37,WAS,39,2,10.1,1.4,2.6,0.534,0.1,0.5,0.211,1.3,2.2,0.607,0.553,0.6,0.9,0.667,0.7,1.4,2.1,0.7,0.3,0.3,0.5,1.8,3.5,gibsota01
158,Josh Giddey,SG,20,OKC,57,57,30.7,7,14.4,0.485,0.9,2.9,0.307,6.1,11.5,0.53,0.516,1.2,1.7,0.74,2,5.7,7.7,5.9,0.7,0.5,3,2.1,16.1,giddejo01
159,Shai Gilgeous-Alexander,PG,24,OKC,54,54,35.5,10.2,20.2,0.507,0.9,2.6,0.338,9.4,17.6,0.532,0.528,9.6,10.6,0.908,0.9,3.9,4.7,5.7,1.6,1.1,2.9,2.7,31,gilgesh01
160,Anthony Gill,PF,30,WAS,42,4,10,1.2,2,0.607,0.1,0.5,0.158,1.1,1.5,0.738,0.625,0.6,0.8,0.771,0.5,0.8,1.4,0.5,0.1,0.2,0.2,1.2,3.1,gillan01
161,Rudy Gobert,C,30,MIN,52,52,30.4,5.2,7.6,0.678,0,0.1,0,5.2,7.6,0.683,0.678,3.1,4.7,0.663,3.1,8.3,11.5,0.9,0.8,1.3,1.8,3,13.4,goberru01
162,Jordan Goodwin,PG,24,WAS,42,4,18.1,2.4,5.2,0.452,0.6,1.6,0.382,1.7,3.6,0.483,0.511,0.8,1.1,0.761,0.9,2.3,3.2,2.5,1,0.5,0.9,1.7,6.2,goodwjo01
163,Aaron Gordon,PF,27,DEN,51,51,30.1,6.5,11.1,0.585,1,2.6,0.382,5.5,8.5,0.646,0.629,3,4.8,0.622,2.4,4.5,6.8,3,0.8,0.8,1.6,1.9,17,gordoaa01
164,Eric Gordon,SG,34,TOT,52,47,29.2,4.2,9.7,0.432,1.7,4.9,0.35,2.4,4.7,0.518,0.522,2.3,2.8,0.821,0.3,1.8,2,2.9,0.6,0.4,1.6,1,12.4,gordoer01
164,Eric Gordon,SG,34,HOU,47,47,30.2,4.5,10.2,0.439,1.8,5.2,0.347,2.7,5,0.536,0.528,2.3,2.9,0.815,0.3,1.8,2.1,2.9,0.6,0.4,1.8,1,13.1,gordoer01
164,Eric Gordon,SG,34,LAC,5,0,20,1.4,4.8,0.292,1,2.4,0.417,0.4,2.4,0.167,0.396,1.8,2,0.9,0.2,1.6,1.8,2.8,0.6,0.6,0.4,1.2,5.6,gordoer01
165,Devonte' Graham,PG,27,TOT,60,1,16.7,1.9,5.2,0.362,1.4,4.1,0.341,0.5,1.1,0.439,0.497,1.1,1.4,0.753,0.3,1.2,1.5,2.5,0.6,0.2,0.6,1,6.2,grahade01
165,Devonte' Graham,PG,27,NOP,53,0,15.3,1.6,4.4,0.368,1.2,3.6,0.347,0.4,0.8,0.463,0.511,0.8,1.1,0.746,0.2,1.1,1.4,2.2,0.6,0.2,0.5,0.9,5.3,grahade01
165,Devonte' Graham,PG,27,SAS,7,1,27.6,4,11.6,0.346,2.6,8,0.321,1.4,3.6,0.4,0.457,2.9,3.7,0.769,0.7,1.6,2.3,4.4,0.7,0.6,0.9,1.3,13.4,grahade01
166,Jerami Grant,PF,28,POR,57,57,35.7,7,14.6,0.481,2.3,5.6,0.404,4.7,8.9,0.529,0.559,4.5,5.5,0.813,0.8,3.5,4.4,2.3,0.8,0.8,1.8,2.4,20.8,grantje01
167,A.J. Green,SG,23,MIL,29,0,9.8,1.7,3.7,0.453,1.3,3.1,0.438,0.3,0.6,0.529,0.637,0.1,0.1,1,0.2,1,1.1,0.7,0.2,0,0.3,1,4.8,greenaj01
168,Danny Green,SG,35,TOT,6,0,11.8,1,3.2,0.316,1,2.5,0.4,0,0.7,0,0.474,0.2,0.2,1,0.2,0.7,0.8,0.3,0.3,0.2,0.8,1.5,3.2,greenda02
168,Danny Green,SG,35,MEM,3,0,14.3,1,3.7,0.273,1,2.7,0.375,0,1,0,0.409,0,0,,0.3,1,1.3,0.7,0.3,0,1,2,3,greenda02
168,Danny Green,SG,35,CLE,3,0,9.3,1,2.7,0.375,1,2.3,0.429,0,0.3,0,0.563,0.3,0.3,1,0,0.3,0.3,0,0.3,0.3,0.7,1,3.3,greenda02
169,Draymond Green,PF,32,GSW,54,54,31.5,3.2,6.2,0.521,0.6,1.8,0.333,2.6,4.4,0.599,0.57,1.1,1.6,0.702,0.9,6.6,7.4,6.9,1,0.8,2.6,3.1,8.2,greendr01
170,Jalen Green,SG,20,HOU,56,56,33.6,7.3,17.7,0.41,2.6,7.6,0.338,4.7,10.1,0.464,0.482,4.6,5.8,0.787,0.5,3.4,3.9,3.6,0.8,0.3,2.8,1.6,21.7,greenja05
171,JaMychal Green,PF,32,GSW,42,1,14.4,2.4,4.6,0.516,0.7,2,0.349,1.7,2.6,0.642,0.591,0.8,1.2,0.714,1.4,2.5,3.9,1,0.5,0.3,1.1,2,6.2,greenja01
172,Javonte Green,SG,29,CHI,28,1,16,2.2,3.7,0.587,0.5,1.2,0.382,1.7,2.5,0.686,0.649,1,1.5,0.674,0.9,2,2.9,0.8,0.8,0.7,0.7,1.7,5.9,greenja02
173,Jeff Green,PF,36,DEN,39,3,19.4,3.1,6.2,0.498,0.4,1.7,0.25,2.6,4.4,0.595,0.533,1.5,2.1,0.707,0.7,1.8,2.5,1.2,0.4,0.3,0.9,1.9,8.1,greenje02
174,Josh Green,SG,22,DAL,43,10,24.6,3.3,6.1,0.548,1.2,2.8,0.421,2.1,3.3,0.657,0.646,1.4,2,0.714,0.9,1.8,2.7,1.6,0.8,0.1,1,2.7,9.2,greenjo02
175,AJ Griffin,SF,19,ATL,58,11,20.2,3.6,7.6,0.473,1.4,3.7,0.386,2.2,3.9,0.556,0.567,0.5,0.6,0.875,0.4,1.6,2.1,1,0.7,0.1,0.6,1.3,9.1,griffaj01
176,Blake Griffin,C,33,BOS,27,12,14.1,1.7,3.5,0.5,0.7,1.8,0.388,1,1.7,0.622,0.601,0.6,0.9,0.625,0.9,2.4,3.3,1.3,0.3,0.2,0.5,1.9,4.7,griffbl01
177,Quentin Grimes,SG,22,NYK,53,48,29.6,3.6,8,0.45,1.9,5.2,0.361,1.7,2.7,0.621,0.569,1.1,1.3,0.8,0.8,2.5,3.3,1.9,0.6,0.4,1,2.5,10.1,grimequ01
178,Rui Hachimura,PF,24,TOT,45,8,24.4,4.8,10,0.48,0.9,2.7,0.328,3.9,7.2,0.537,0.525,1.6,2.2,0.727,0.9,3.8,4.7,1,0.3,0.4,1,1.1,12,hachiru01
178,Rui Hachimura,PF,24,WAS,30,0,24.3,5.3,10.8,0.488,1,3,0.337,4.3,7.8,0.545,0.534,1.5,1.9,0.759,0.6,3.6,4.3,1.2,0.4,0.4,1.2,1.3,13,hachiru01
178,Rui Hachimura,PF,24,LAL,15,8,24.7,3.8,8.3,0.46,0.7,2.2,0.303,3.1,6.1,0.516,0.5,1.9,2.7,0.683,1.4,4.2,5.6,0.7,0.3,0.5,0.5,0.6,10.1,hachiru01
179,Tyrese Haliburton,PG,22,IND,51,51,33.6,7.2,14.9,0.482,2.8,7.1,0.398,4.3,7.7,0.559,0.578,2.9,3.4,0.86,0.6,3.1,3.7,10.1,1.7,0.5,2.5,1.2,20.1,halibty01
180,Jordan Hall,SF,21,SAS,9,0,9.2,1,3.1,0.321,0.3,1.7,0.2,0.7,1.4,0.462,0.375,0.8,1,0.778,0.3,1,1.3,1.2,0.1,0,0.8,0.7,3.1,halljo02
181,R.J. Hampton,PG,21,TOT,29,0,13.7,1.8,4.2,0.421,0.6,1.9,0.321,1.1,2.2,0.508,0.496,1.1,1.3,0.838,0.3,1.2,1.5,1.2,0.6,0.2,0.8,0.8,5.2,hamptrj01
181,R.J. Hampton,PG,21,ORL,26,0,13.9,1.9,4.4,0.439,0.7,2,0.34,1.2,2.3,0.525,0.518,1.2,1.4,0.838,0.3,1.2,1.5,1.3,0.6,0.2,0.8,0.8,5.7,hamptrj01
181,R.J. Hampton,PG,21,DET,3,0,11.7,0.3,2.3,0.143,0,1,0,0.3,1.3,0.25,0.143,0,0,,0,1.7,1.7,0.3,0.7,0.3,0.3,0.3,0.7,hamptrj01
182,Tim Hardaway Jr.,SG,30,DAL,57,37,30.2,4.6,12.1,0.383,2.9,7.9,0.364,1.8,4.2,0.417,0.501,1.8,2.4,0.763,0.3,3.3,3.6,1.7,0.7,0.1,0.8,1.6,14,hardati02
183,James Harden,PG,33,PHI,45,45,36.7,6.5,14.6,0.449,2.9,7.3,0.394,3.6,7.2,0.505,0.548,5.7,6.5,0.867,0.6,5.6,6.2,10.6,1.2,0.6,3.4,2,21.6,hardeja01
184,Jaden Hardy,SG,20,DAL,32,0,11.6,2.2,5.1,0.423,0.8,2.3,0.342,1.4,2.8,0.489,0.5,1.3,1.5,0.875,0.1,1.3,1.3,0.8,0.3,0.1,0.8,1.3,6.4,hardyja02
185,Ron Harper Jr.,SF,22,TOR,4,0,3.5,1,1.8,0.571,0.5,1,0.5,0.5,0.8,0.667,0.714,0,0,,0.3,0.3,0.5,0,0,0,0,0,2.5,harpero02
186,Montrezl Harrell,C,29,PHI,50,7,12.5,2.2,3.7,0.605,0,0,0,2.2,3.7,0.612,0.605,1.2,1.7,0.694,1.2,1.6,2.8,0.6,0.3,0.5,0.6,1.5,5.7,harremo01
187,Gary Harris,SG,28,ORL,34,28,24.7,2.9,6.2,0.467,1.9,4.2,0.444,1.1,2.1,0.514,0.616,0.7,0.8,0.893,0.5,1.6,2.1,1.2,0.9,0.1,0.6,2,8.4,harriga01
188,Joe Harris,SG,31,BRK,55,32,23,3,6.5,0.457,1.9,4.7,0.418,1,1.8,0.554,0.606,0.3,0.4,0.625,0.3,2.1,2.5,1.5,0.5,0.2,0.6,2.3,8.1,harrijo01
189,Kevon Harris,SG,25,ORL,27,0,12.4,1.2,2.9,0.416,0.4,1,0.393,0.8,1.8,0.429,0.487,0.8,1,0.815,0.9,1.1,2,0.4,0.5,0.1,0.6,1.3,3.6,harrike01
190,Tobias Harris,PF,30,PHI,57,57,33.7,6.1,12.1,0.5,1.8,4.7,0.382,4.3,7.5,0.574,0.574,1.4,1.6,0.859,0.9,4.9,5.8,2.6,1,0.5,1.2,2,15.3,harrito02
191,Josh Hart,SF-SG,27,TOT,58,51,32.6,3.7,7.2,0.518,0.8,2.3,0.348,2.9,4.9,0.597,0.573,1.7,2.3,0.731,1.8,6,7.8,3.9,1.1,0.2,1.5,2.6,9.9,hartjo01
191,Josh Hart,SF,27,POR,51,51,33.4,3.6,7.1,0.504,0.7,2.2,0.304,2.9,4.9,0.594,0.551,1.7,2.3,0.731,1.9,6.3,8.2,3.9,1.1,0.2,1.5,2.6,9.5,hartjo01
191,Josh Hart,SG,27,NYK,7,0,26.3,4.6,7.4,0.615,1.7,2.9,0.6,2.9,4.6,0.625,0.731,1.6,2.1,0.733,1.3,3.9,5.1,3.4,1.3,0.6,1.1,2.4,12.4,hartjo01
192,Isaiah Hartenstein,C,24,NYK,64,7,19.6,2.2,4.2,0.521,0.1,0.5,0.235,2,3.6,0.562,0.536,0.7,0.9,0.764,2.8,3.8,6.6,0.9,0.6,0.8,0.8,2.5,5.1,harteis01
193,Udonis Haslem,C,42,MIA,6,1,7.7,0.2,2,0.083,0,0.3,0,0.2,1.7,0.1,0.083,0.2,0.3,0.5,0.7,0.7,1.3,0,0.2,0.2,0,1.3,0.5,hasleud01
194,Sam Hauser,PF,25,BOS,61,4,15.5,2.2,4.8,0.455,1.7,4,0.416,0.5,0.8,0.653,0.628,0.2,0.2,0.667,0.4,2.1,2.5,0.7,0.3,0.3,0.3,1.3,6.2,hausesa01
195,Jaxson Hayes,C,22,NOP,36,2,13.4,1.9,3.4,0.545,0.1,0.8,0.111,1.8,2.7,0.667,0.557,1.3,1.9,0.696,0.9,2.1,3,0.8,0.5,0.4,0.6,1.4,5.1,hayesja02
196,Killian Hayes,PG,21,DET,59,40,27,3.8,10.2,0.372,1.2,3.8,0.3,2.6,6.3,0.416,0.428,0.8,1,0.817,0.3,2.4,2.7,5.9,1.4,0.4,2,3,9.5,hayeski01
197,Gordon Hayward,SF,32,CHO,38,38,31.3,5.4,11.6,0.468,1.1,3.3,0.323,4.4,8.3,0.527,0.515,2.6,3.3,0.806,0.7,3.7,4.4,3.7,0.9,0.2,1.9,1.4,14.6,haywago01
198,Juancho Hernangómez,PF,27,TOR,42,10,14.6,1.1,2.7,0.421,0.4,1.6,0.254,0.7,1.1,0.66,0.496,0.2,0.4,0.563,0.6,2.3,2.9,0.6,0.4,0.1,0.4,1,2.9,hernaju01
199,Willy Hernangómez,C,28,NOP,31,1,13,2.5,4.9,0.523,0.1,0.3,0.2,2.5,4.5,0.546,0.53,2.4,3.1,0.779,1.8,3.4,5.2,0.9,0.4,0.4,1.1,1.7,7.5,hernawi01
200,Tyler Herro,SG,23,MIA,49,49,35.3,7.3,17.1,0.429,3,8.1,0.368,4.3,8.9,0.484,0.517,2.6,2.8,0.921,0.5,5.1,5.6,4.3,0.8,0.3,2.4,1.7,20.3,herroty01
201,Buddy Hield,SF,30,IND,63,63,32,6.1,13.4,0.453,3.8,8.9,0.426,2.3,4.5,0.505,0.594,1.4,1.6,0.853,0.8,4.1,4.9,2.7,1.2,0.3,1.8,2,17.3,hieldbu01
202,Haywood Highsmith,SF,26,MIA,45,9,19,1.8,4.2,0.426,0.8,2.2,0.356,1,2,0.506,0.521,0.2,0.5,0.458,1,2.6,3.6,0.7,0.7,0.3,0.8,1.6,4.6,highsha01
203,George Hill,PG,36,TOT,36,0,18.8,1.6,3.7,0.447,0.6,2.1,0.311,1,1.6,0.621,0.534,0.9,1.3,0.739,0.4,1.5,1.9,2.5,0.6,0.1,0.8,1.1,4.9,hillge01
203,George Hill,PG,36,MIL,35,0,19.1,1.7,3.8,0.447,0.7,2.1,0.311,1,1.7,0.621,0.534,1,1.3,0.739,0.4,1.5,1.9,2.5,0.5,0.1,0.8,1.2,5,hillge01
203,George Hill,PG,36,IND,1,0,10,0,0,,0,0,,0,0,,,0,0,,0,0,0,0,1,0,0,0,0,hillge01
204,Malcolm Hill,SF,27,CHI,5,0,1.8,0.4,0.8,0.5,0.2,0.6,0.333,0.2,0.2,1,0.625,0,0,,0,0.6,0.6,0,0,0,0,0.2,1,hillma01
205,Aaron Holiday,PG,26,ATL,51,5,14.3,1.5,3.7,0.415,0.6,1.5,0.413,0.9,2.2,0.416,0.497,0.5,0.5,0.857,0.4,0.9,1.3,1.3,0.5,0.2,0.6,1.3,4.1,holidaa01
206,Jrue Holiday,PG,32,MIL,51,49,32.8,7.5,15.9,0.472,2.4,6.4,0.377,5.1,9.6,0.536,0.547,2.3,2.7,0.861,1.2,4,5.1,7.2,1.2,0.4,2.9,1.8,19.8,holidjr01
207,Justin Holiday,SG,33,TOT,31,2,15.4,1.8,4.5,0.393,1.2,3.2,0.37,0.6,1.3,0.45,0.525,0,0.1,0,0.1,0.8,0.9,0.9,0.3,0.4,0.5,1.4,4.7,holidju01
207,Justin Holiday,SG,33,ATL,28,0,14.7,1.7,4.5,0.384,1.1,3.1,0.345,0.6,1.4,0.474,0.504,0,0,,0.1,0.8,0.8,0.9,0.2,0.4,0.4,1.3,4.5,holidju01
207,Justin Holiday,SG,33,DAL,3,2,21.7,2.3,5,0.467,2.3,4.3,0.538,0,0.7,0,0.7,0,0.7,0,0.3,1.3,1.7,1,1.3,1,0.7,1.7,7,holidju01
208,Richaun Holmes,C,29,SAC,35,1,8.7,1.3,2,0.681,0.1,0.1,0.75,1.3,1.9,0.677,0.703,0.4,0.5,0.824,0.7,1.3,2,0.1,0.1,0.3,0.4,1.3,3.2,holmeri01
209,Al Horford,C,36,BOS,49,49,30.8,3.6,7.5,0.481,2.2,5,0.44,1.4,2.6,0.56,0.626,0.3,0.4,0.737,1.2,5,6.2,2.7,0.5,0.9,0.6,2,9.7,horfoal01
210,Talen Horton-Tucker,SG,22,UTA,49,4,17.3,2.9,7.2,0.404,0.7,2.7,0.275,2.2,4.6,0.48,0.455,1.4,1.8,0.753,0.4,2.2,2.7,3,0.6,0.5,1.5,1.6,7.9,hortota01
211,Danuel House Jr.,SF,29,PHI,38,2,14.8,1.5,3.3,0.456,0.6,2,0.32,0.9,1.3,0.66,0.552,0.8,1.1,0.714,0.2,1.6,1.8,0.7,0.2,0.2,0.4,1.2,4.4,houseda01
212,Caleb Houstan,SF,20,ORL,35,2,15.8,1.4,3.5,0.407,0.9,2.5,0.384,0.5,1.1,0.459,0.541,0.3,0.4,0.846,0.7,1.5,2.2,0.5,0.2,0.1,0.3,1.4,4.1,houstca01
213,Trevor Hudgins,PG,23,HOU,5,0,5.6,0.4,1.8,0.222,0.4,1.6,0.25,0,0.2,0,0.333,0.6,0.6,1,0,0,0,0.6,0,0,0.2,0.2,1.8,hudgitr01
214,Kevin Huerter,SG,24,SAC,58,58,30.2,5.4,11.3,0.479,2.6,6.7,0.387,2.8,4.6,0.612,0.593,1.3,1.8,0.705,0.6,2.8,3.4,3,1.1,0.3,1.5,2.5,14.7,huertke01
215,De'Andre Hunter,SF,25,ATL,52,52,31.8,5.6,12.1,0.461,1.6,4.3,0.367,4,7.8,0.514,0.527,2.8,3.4,0.83,0.6,3.7,4.3,1.4,0.5,0.2,1.2,3,15.6,huntede01
216,Bones Hyland,PG,22,TOT,45,1,19.3,4,10.1,0.398,2.1,5.6,0.38,1.9,4.6,0.42,0.502,1.7,2,0.854,0.3,1.8,2.1,2.9,0.7,0.3,1.6,1.6,11.8,hylanbo01
216,Bones Hyland,PG,22,DEN,42,1,19.5,4.1,10.3,0.399,2.2,5.7,0.378,2,4.6,0.425,0.503,1.7,2,0.866,0.2,1.8,2,3,0.7,0.3,1.6,1.6,12.1,hylanbo01
216,Bones Hyland,PG,22,LAC,3,0,15.7,2.7,7,0.381,1.3,3,0.444,1.3,4,0.333,0.476,1.7,2.3,0.714,1.7,1.3,3,1.7,0.7,0,1,2.3,8.3,hylanbo01
217,Serge Ibaka,C,33,MIL,16,0,11.6,1.6,3.4,0.481,0.4,1.1,0.333,1.3,2.3,0.556,0.537,0.5,0.8,0.615,0.9,1.8,2.8,0.3,0.1,0.4,0.7,1.4,4.1,ibakase01
218,Andre Iguodala,SF,39,GSW,3,0,14,1,1.3,0.75,0.3,0.7,0.5,0.7,0.7,1,0.875,0,0,,0.3,2,2.3,1.7,0.3,0.3,1.7,1.7,2.3,iguodan01
219,Joe Ingles,SF,35,MIL,29,0,22.4,2.2,5.6,0.398,1.6,4.4,0.354,0.7,1.2,0.559,0.537,0.4,0.5,0.8,0.3,2.6,2.9,3,0.6,0.2,1.1,1.8,6.4,inglejo01
220,Brandon Ingram,SF,25,NOP,28,28,32.9,8.5,18.3,0.468,1.6,4.1,0.397,6.9,14.1,0.489,0.513,4.8,5.4,0.882,0.4,4.6,5.1,4.8,0.7,0.4,3.1,2.6,23.5,ingrabr01
221,Kyrie Irving,PG,30,TOT,47,47,36.9,9.8,20.1,0.487,3.2,8.5,0.374,6.6,11.6,0.57,0.566,3.9,4.4,0.894,1,4.1,5.1,5.5,1,0.8,2.2,2.8,26.7,irvinky01
221,Kyrie Irving,PG,30,BRK,40,40,37,10,20.5,0.486,3.3,8.7,0.374,6.7,11.8,0.569,0.565,4,4.5,0.883,1,4.2,5.1,5.3,1,0.8,2.3,2.7,27.1,irvinky01
221,Kyrie Irving,PG,30,DAL,7,7,36.9,9,18.3,0.492,2.9,7.6,0.377,6.1,10.7,0.573,0.57,3.9,4,0.964,1.6,3.6,5.1,6.9,1,0.6,2,3.3,24.7,irvinky01
222,Jonathan Isaac,PF,25,ORL,11,0,11.3,2,4.8,0.415,0.5,1.4,0.4,1.5,3.5,0.421,0.472,0.5,0.8,0.556,1.4,2.6,4,0.5,1.3,0.4,0.4,0.5,5,isaacjo01
223,Jaden Ivey,SG,20,DET,58,57,30.1,5.2,12.3,0.422,1.4,4.2,0.339,3.8,8.1,0.465,0.48,3.5,4.9,0.723,1,2.9,3.9,4.6,0.9,0.3,2.9,3.1,15.4,iveyja01
224,Isaiah Jackson,C,21,IND,45,5,15.3,2.6,4.6,0.573,0,0.3,0.167,2.6,4.3,0.598,0.578,1.5,2.3,0.648,1.4,2.5,3.9,0.9,0.4,1.5,0.9,2.2,6.8,jacksis01
225,Jaren Jackson Jr.,C,23,MEM,44,44,27.3,6,12.1,0.493,1.5,4.4,0.344,4.4,7.6,0.58,0.556,3.3,4.1,0.791,1.7,4.9,6.6,0.8,1.1,3.3,1.5,3.4,16.7,jacksja02
226,Justin Jackson,SF,27,BOS,23,0,4.7,0.3,1.2,0.259,0.2,0.9,0.25,0.1,0.3,0.286,0.352,0,0.1,0.5,0.1,0.7,0.7,0.4,0.2,0.2,0.1,0.3,0.9,jacksju01
227,Quenton Jackson,PG,24,WAS,3,0,2.7,0.7,1,0.667,0.3,0.7,0.5,0.3,0.3,1,0.833,0,0,,0.3,0,0.3,0.3,0,0,0,0.3,1.7,jacksqu01
228,Reggie Jackson,PG,32,TOT,56,38,25.3,4,9.8,0.412,1.5,4.3,0.347,2.5,5.5,0.463,0.488,1.1,1.3,0.914,0.4,1.8,2.2,3.6,0.8,0.1,1.8,1.8,10.7,jacksre01
228,Reggie Jackson,PG,32,LAC,52,38,25.7,4.1,9.8,0.418,1.5,4.2,0.35,2.6,5.6,0.469,0.493,1.2,1.3,0.924,0.4,1.8,2.2,3.5,0.7,0.1,1.8,1.8,10.9,jacksre01
228,Reggie Jackson,PG,32,DEN,4,0,20.3,2.8,8.5,0.324,1.5,4.8,0.316,1.3,3.8,0.333,0.412,0.8,1,0.75,0.3,1.3,1.5,4.3,1,0.3,0.8,1.8,7.8,jacksre01
229,LeBron James,PF,38,LAL,47,47,36.1,11.3,22.6,0.501,2.1,6.9,0.308,9.2,15.7,0.587,0.549,4.8,6.3,0.759,1.2,7.2,8.4,6.9,0.9,0.6,3.1,1.7,29.5,jamesle01
230,Ty Jerome,SG,25,GSW,40,2,18.4,2.8,5.6,0.509,0.8,2,0.405,2,3.6,0.566,0.581,0.9,0.9,0.919,0.2,1.5,1.7,3,0.5,0.1,0.7,1.5,7.3,jeromty01
231,Isaiah Joe,SG,23,OKC,54,5,16.8,2.9,6.1,0.479,2.2,4.9,0.449,0.7,1.2,0.6,0.66,0.9,1.1,0.823,0.3,2,2.3,1.1,0.6,0.1,0.5,1.5,9.1,joeis01
232,Alize Johnson,PF,26,SAS,4,0,7.5,0.8,1.5,0.5,0,0.5,0,0.8,1,0.75,0.5,0.3,0.5,0.5,0.5,2,2.5,0.3,0.3,0,1,0.8,1.8,johnsal02
233,Cameron Johnson,PF,26,TOT,24,23,26.3,5.4,11.2,0.485,2.8,6.5,0.426,2.7,4.7,0.566,0.608,1.8,2.2,0.811,0.7,3.1,3.8,1.5,1.1,0.4,0.6,1.8,15.4,johnsca02
233,Cameron Johnson,PF,26,PHO,17,16,25.2,4.8,10.2,0.474,2.6,5.8,0.455,2.2,4.4,0.5,0.604,1.6,1.9,0.818,0.8,3,3.8,1.5,0.9,0.4,0.6,1.7,13.9,johnsca02
233,Cameron Johnson,PF,26,BRK,7,7,28.9,6.9,13.6,0.505,3,8,0.375,3.9,5.6,0.692,0.616,2.3,2.9,0.8,0.3,3.3,3.6,1.3,1.6,0.4,0.7,2,19,johnsca02
234,Jalen Johnson,SF,21,ATL,57,6,14.3,2,4.2,0.479,0.4,1.4,0.284,1.6,2.8,0.579,0.527,0.7,1.1,0.661,0.7,3.1,3.8,0.9,0.5,0.5,0.5,1.4,5.2,johnsja05
235,James Johnson,PF,35,IND,12,1,8.2,0.8,2.3,0.37,0.3,0.8,0.3,0.6,1.4,0.412,0.426,0.3,0.3,0.75,0.2,1.2,1.3,0.6,0.3,0.4,0.4,2,2.2,johnsja01
236,Keldon Johnson,SF,23,SAS,55,55,32.7,7.9,17.5,0.45,2.1,6.5,0.32,5.8,11,0.526,0.509,4.1,5.3,0.769,0.8,4,4.8,2.8,0.7,0.2,2.1,1.9,21.8,johnske04
237,Keon Johnson,SG,20,POR,32,0,9.8,1.6,4.2,0.37,0.7,1.9,0.361,0.9,2.3,0.378,0.452,0.4,0.7,0.571,0.3,0.8,1.1,1.1,0.4,0.1,1,1.1,4.2,johnske07
238,Stanley Johnson,SF,26,SAS,30,0,15.6,2.2,4.1,0.533,0.6,1.3,0.45,1.6,2.7,0.573,0.607,0.9,1.3,0.667,0.7,2.4,3.2,2.2,0.5,0.2,1.1,1.6,5.8,johnsst04
239,Nikola Jokić,C,27,DEN,55,55,33.6,9.4,14.8,0.633,0.8,2.1,0.398,8.6,12.8,0.671,0.661,5,6.1,0.822,2.3,9.4,11.7,10,1.3,0.7,3.6,2.6,24.6,jokicni01
240,Carlik Jones,PG,25,CHI,2,0,11.5,0.5,2.5,0.2,0,0.5,0,0.5,2,0.25,0.2,0.5,2,0.25,0.5,1,1.5,1,0,0,0.5,0.5,1.5,jonesca03
241,Damian Jones,C,27,TOT,24,1,8.2,1,1.7,0.561,0,0.1,0,1,1.6,0.605,0.561,0.7,0.9,0.727,0.8,1.8,2.6,0.2,0.1,0.6,0.4,0.9,2.6,jonesda03
241,Damian Jones,C,27,LAL,22,1,8,0.9,1.7,0.541,0,0.1,0,0.9,1.5,0.588,0.541,0.7,0.9,0.75,0.8,1.7,2.5,0.2,0.1,0.5,0.4,0.8,2.5,jonesda03
241,Damian Jones,C,27,UTA,2,0,10.5,1.5,2,0.75,0,0,,1.5,2,0.75,0.75,0.5,1,0.5,1,2.5,3.5,0.5,0,1,0.5,2,3.5,jonesda03
242,Derrick Jones Jr.,SF,25,CHI,48,0,14.7,1.8,3.6,0.506,0.4,1.1,0.327,1.5,2.5,0.588,0.557,1.1,1.4,0.794,1,1.5,2.5,0.6,0.5,0.6,0.4,1.4,5.2,jonesde02
243,Herbert Jones,SF,24,NOP,47,47,28.7,3.3,7.6,0.44,0.7,2.5,0.286,2.6,5.1,0.517,0.487,2,2.6,0.748,1.4,2.5,3.9,2.1,1.6,0.7,1.3,3.2,9.4,joneshe01
244,Kai Jones,C,22,CHO,30,0,9,1.1,2.1,0.54,0.1,0.4,0.25,1,1.7,0.608,0.563,0.3,0.5,0.714,0.7,1.3,2,0.2,0.3,0.4,0.3,1.1,2.7,joneska01
245,Tre Jones,PG,23,SAS,52,52,29.3,4.9,11.3,0.436,0.7,2.5,0.265,4.3,8.8,0.486,0.466,2.2,2.5,0.891,0.8,2.8,3.6,6.3,1.3,0.2,1.8,1.4,12.8,jonestr01
246,Tyus Jones,PG,26,MEM,61,9,22.8,3.7,8.5,0.431,1.5,3.9,0.376,2.2,4.6,0.479,0.517,1,1.2,0.806,0.4,1.8,2.2,4.5,1,0.1,0.9,0.4,9.7,jonesty01
247,DeAndre Jordan,C,34,DEN,34,5,14.6,2.2,2.8,0.771,0,0,1,2.1,2.8,0.768,0.776,0.5,1.2,0.439,1.2,3.7,4.9,0.9,0.2,0.6,1.2,1.9,4.9,jordade01
248,Cory Joseph,PG,31,DET,44,2,16.2,1.7,4.3,0.387,0.6,2,0.315,1,2.3,0.451,0.461,0.7,0.9,0.769,0.2,1.1,1.4,3.2,0.5,0.1,0.7,1.5,4.7,josepco01
249,Nikola Jović,PF,19,MIA,15,8,13.6,1.9,4.6,0.406,0.5,2.3,0.229,1.3,2.3,0.588,0.464,1.2,1.3,0.947,0.6,1.5,2.1,0.7,0.5,0.1,0.7,1.3,5.5,jovicni01
250,Johnny Juzang,SF,21,UTA,1,0,15,1,5,0.2,1,4,0.25,0,1,0,0.3,0,2,0,0,1,1,0,1,1,0,1,3,juzanjo01
251,Mfiondu Kabengele,PF,25,BOS,2,0,7,0.5,1,0.5,0,0.5,0,0.5,0.5,1,0.5,0,0,,1.5,1,2.5,0,0,0,0.5,1.5,1,kabenmf01
252,Frank Kaminsky,C,29,TOT,31,0,6.7,0.8,1.7,0.491,0.4,0.9,0.393,0.5,0.8,0.6,0.594,0.5,0.5,0.875,0.1,1.3,1.4,0.9,0.2,0.1,0.3,0.7,2.5,kaminfr01
252,Frank Kaminsky,C,29,ATL,26,0,6.8,1,1.7,0.568,0.4,0.9,0.478,0.5,0.8,0.667,0.693,0.4,0.5,0.833,0.1,1.3,1.4,0.8,0.2,0,0.3,0.8,2.7,kaminfr01
252,Frank Kaminsky,C,29,HOU,5,0,6.4,0.2,1.8,0.111,0,1,0,0.2,0.8,0.25,0.111,0.8,0.8,1,0.2,1.4,1.6,1.4,0.2,0.4,0,0.2,1.2,kaminfr01
253,Trevor Keels,SG,19,NYK,2,0,2,0.5,1.5,0.333,0.5,1.5,0.333,0,0,,0.5,0,0,,0,1,1,0,0,0,0,0,1.5,keelstr01
254,Luke Kennard,SG,26,TOT,40,11,20.9,2.7,5.9,0.451,1.7,3.8,0.444,1,2.1,0.464,0.595,0.6,0.6,0.958,0.2,2.1,2.3,1.1,0.5,0.1,0.8,1.4,7.6,kennalu01
254,Luke Kennard,SG,26,LAC,35,11,20.7,2.8,6,0.464,1.7,3.8,0.447,1.1,2.3,0.494,0.604,0.5,0.6,0.95,0.2,2.2,2.4,1.1,0.5,0.1,0.9,1.3,7.8,kennalu01
254,Luke Kennard,SG,26,MEM,5,0,22,1.8,5.2,0.346,1.8,4.2,0.429,0,1,0,0.519,0.8,0.8,1,0.2,1.4,1.6,1.4,0.2,0,0.4,1.6,6.2,kennalu01
255,Walker Kessler,C,21,UTA,60,26,21.8,3.6,5,0.709,0,0,1,3.6,5,0.708,0.71,1.1,2,0.533,3,5.1,8,0.8,0.4,2.2,0.8,2.3,8.2,kesslwa01
256,Braxton Key,SF,25,DET,3,0,3,0.3,0.3,1,0,0,,0.3,0.3,1,1,0.7,0.7,1,0,0.3,0.3,0,0,0,0,0,1.3,keybr01
257,Corey Kispert,SF,23,WAS,53,32,26.9,3.2,6.8,0.475,1.8,4.5,0.412,1.4,2.3,0.597,0.61,1,1.1,0.864,0.4,2.3,2.7,1.2,0.6,0.1,0.7,1.3,9.3,kispeco01
258,Maxi Kleber,C,31,DAL,23,0,25.6,2.4,4.8,0.5,1.1,2.9,0.373,1.3,1.9,0.698,0.614,0.5,0.7,0.688,0.8,2.6,3.4,1,0.3,1,0.6,2.2,6.3,klebima01
259,Nathan Knight,PF,25,MIN,34,0,8.1,1.3,2.2,0.573,0.2,0.6,0.381,1,1.6,0.648,0.627,1.1,1.6,0.679,0.6,0.9,1.5,0.4,0.3,0.2,0.6,1.1,3.8,knighna01
260,Kevin Knox,PF-SF,23,TOT,47,1,13.1,1.8,3.9,0.462,0.9,2.6,0.358,0.9,1.4,0.656,0.579,0.6,0.7,0.8,0.5,1.9,2.4,0.3,0.3,0.3,0.7,1.7,5.1,knoxke01
260,Kevin Knox,PF,23,DET,42,1,14.1,2,4.3,0.469,1,2.8,0.371,1,1.5,0.651,0.589,0.6,0.8,0.788,0.5,2.1,2.6,0.4,0.3,0.3,0.8,1.8,5.6,knoxke01
260,Kevin Knox,SF,23,POR,5,0,4.8,0.2,1,0.2,0,0.8,0,0.2,0.2,1,0.2,0.4,0.4,1,0.4,0.4,0.8,0,0,0,0,1,0.8,knoxke01
261,Christian Koloko,C,22,TOR,46,19,14.4,1.3,2.7,0.484,0,0.2,0.111,1.3,2.5,0.513,0.488,0.8,1.2,0.66,1.5,1.7,3.2,0.5,0.3,1,0.4,2.4,3.4,kolokch01
262,John Konchar,SG,26,MEM,53,22,21.8,2.1,4.9,0.433,1,2.8,0.363,1.1,2.2,0.522,0.534,0.4,0.5,0.852,0.8,3.7,4.5,1.4,1,0.2,0.5,1.5,5.7,konchjo01
263,Furkan Korkmaz,SG,25,PHI,25,0,10.2,1.3,3.1,0.41,0.5,1.4,0.343,0.8,1.7,0.465,0.487,0.8,1.2,0.655,0.2,0.9,1.2,0.7,0.2,0.1,0.6,0.4,3.8,korkmfu01
264,Luke Kornet,C,27,BOS,53,0,11.6,1.6,2.3,0.697,0.1,0.2,0.333,1.5,2.1,0.726,0.709,0.5,0.6,0.853,1.2,1.6,2.8,0.7,0.2,0.8,0.4,1.3,3.8,kornelu01
265,Vit Krejci,PG,22,ATL,22,0,5.5,0.5,1.3,0.379,0.2,0.8,0.278,0.3,0.5,0.545,0.466,0,0.1,0.5,0.1,0.5,0.6,0.5,0.1,0,0.2,0.5,1.3,krejcvi01
266,Jonathan Kuminga,PF,20,GSW,50,11,19.8,3.4,6.8,0.494,0.7,2.1,0.327,2.7,4.8,0.567,0.544,1.2,1.9,0.653,0.9,2.2,3.1,1.8,0.5,0.4,1.5,2.3,8.7,kuminjo01
267,Kyle Kuzma,PF,27,WAS,56,56,35.1,8.1,18.1,0.445,2.5,7.7,0.33,5.5,10.4,0.53,0.515,2.6,3.7,0.722,0.9,6.5,7.4,3.8,0.5,0.5,2.9,2.4,21.3,kuzmaky01
268,Anthony Lamb,SF,25,GSW,47,3,19.9,2.5,5.2,0.49,1.3,3.3,0.385,1.3,1.9,0.678,0.613,0.7,0.9,0.721,0.9,2.6,3.5,1.8,0.5,0.3,1,2.4,7,lamban01
269,Jock Landale,C,27,PHO,54,3,14.2,2.4,4.9,0.502,0.4,1.4,0.244,2.1,3.4,0.611,0.538,1.3,1.7,0.769,1.7,2.4,4.1,0.9,0.3,0.5,0.9,1.8,6.5,landajo01
270,Romeo Langford,SG,23,SAS,32,19,20.2,3.1,6.4,0.49,0.4,1.4,0.283,2.7,4.9,0.551,0.522,0.8,1.2,0.649,1.4,1.4,2.9,1.3,0.5,0.3,0.7,1.7,7.4,langfro01
271,Jake LaRavia,PF,21,MEM,31,0,12.5,1.1,2.8,0.391,0.7,2,0.333,0.4,0.8,0.542,0.511,0.2,0.3,0.778,0.5,1.4,1.9,0.7,0.4,0.1,0.6,1.5,3.1,laravja01
272,Zach LaVine,SG,27,CHI,59,59,35.9,8.5,17.8,0.477,2.8,7.3,0.378,5.7,10.5,0.545,0.554,4.6,5.5,0.845,0.5,4.2,4.7,3.9,0.9,0.2,2.6,2.2,24.3,lavinza01
273,A.J. Lawson,SG,22,TOT,13,0,4.8,1,2,0.5,0.5,1.2,0.438,0.5,0.8,0.6,0.635,0.1,0.2,0.333,0.2,0.6,0.8,0.1,0.1,0,0.1,0.6,2.6,lawsoaj01
273,A.J. Lawson,SG,22,MIN,1,0,2,1,1,1,0,0,,1,1,1,1,0,0,,0,1,1,0,0,0,0,1,2,lawsoaj01
273,A.J. Lawson,SG,22,DAL,12,0,5.1,1,2.1,0.48,0.6,1.3,0.438,0.4,0.8,0.556,0.62,0.1,0.3,0.333,0.2,0.6,0.8,0.1,0.1,0,0.1,0.6,2.7,lawsoaj01
274,Damion Lee,SG,30,PHO,63,5,21.7,2.8,6.4,0.438,1.6,3.6,0.438,1.2,2.8,0.438,0.561,1.4,1.6,0.909,0.5,2.7,3.2,1.5,0.4,0.1,1.1,1.7,8.6,leeda03
275,Saben Lee,PG,23,TOT,20,0,14.7,1.9,4.2,0.44,0.4,1,0.368,1.5,3.3,0.462,0.482,1.7,2.3,0.756,0.5,1.3,1.8,2.7,0.8,0.1,1.2,1.4,5.8,leesa01
275,Saben Lee,PG,23,PHI,2,0,5,1.5,2,0.75,0,0.5,0,1.5,1.5,1,0.75,0,0,,0,0,0,1,0.5,0,1.5,0.5,3,leesa01
275,Saben Lee,PG,23,PHO,18,0,15.8,1.9,4.4,0.425,0.4,1,0.389,1.5,3.4,0.435,0.469,1.9,2.5,0.756,0.6,1.4,2,2.9,0.8,0.1,1.1,1.4,6.1,leesa01
276,Alex Len,C,29,SAC,14,1,3.4,0.4,0.7,0.5,0,0.1,0,0.4,0.6,0.556,0.5,0.2,0.3,0.75,0.3,0.8,1.1,0.4,0,0,0.4,0.7,0.9,lenal01
277,Kawhi Leonard,SF,31,LAC,37,35,33.1,8.4,16.5,0.506,1.9,4.6,0.408,6.5,11.9,0.543,0.562,4.5,5.1,0.873,1.2,4.9,6.1,4,1.4,0.6,1.6,1.6,23,leonaka01
278,Meyers Leonard,C,30,MIL,4,0,6.8,0.8,2,0.375,0.8,1.8,0.429,0,0.3,0,0.563,0.5,0.5,1,0.5,1.5,2,0,0.3,0,0.3,1,2.8,leoname01
279,Caris LeVert,SG,28,CLE,59,26,30,4.2,10.1,0.411,1.5,4.2,0.355,2.7,6,0.45,0.484,1.7,2.4,0.72,0.7,3.2,3.9,4,0.8,0.2,1.6,2.2,11.6,leverca01
280,Kira Lewis Jr.,PG,21,NOP,16,0,10.6,1.9,4,0.484,0.7,1.4,0.478,1.3,2.6,0.488,0.57,0.9,0.9,0.933,0.3,1.6,1.9,0.9,0.4,0.1,0.5,1.1,5.4,lewiski01
281,Damian Lillard,PG,32,POR,49,49,36.3,9.8,20.7,0.472,4.2,11.2,0.377,5.5,9.4,0.586,0.575,8.5,9.3,0.921,0.7,3.7,4.4,7.1,0.9,0.3,3.2,1.9,32.3,lillada01
282,Nassir Little,SF,22,POR,41,2,17.2,2.4,5.1,0.466,1.1,2.8,0.409,1.2,2.3,0.538,0.579,0.6,0.9,0.657,0.5,2.1,2.6,1,0.4,0.4,0.5,1.1,6.4,littlna01
283,Isaiah Livers,PF,24,DET,40,10,21,1.9,4.6,0.407,1.3,3.5,0.369,0.6,1,0.537,0.549,0.6,0.7,0.786,0.5,1.8,2.3,0.6,0.5,0.6,0.6,1.9,5.6,liveris01
284,Kenneth Lofton Jr.,PF,20,MEM,10,0,3.6,0.8,2,0.4,0,0.4,0,0.8,1.6,0.5,0.4,0.3,0.5,0.6,0.1,0.4,0.5,0.5,0.1,0,0.2,0.5,1.9,loftoke01
285,Kevon Looney,C,26,GSW,62,55,23.5,3,4.4,0.665,0,0,,3,4.4,0.665,0.665,1.1,1.8,0.607,3.1,5.9,9.1,2.5,0.5,0.6,0.5,2.8,7,looneke01
286,Brook Lopez,C,34,MIL,61,61,30.3,5.6,11,0.51,1.8,4.9,0.377,3.8,6.1,0.616,0.594,1.6,2.1,0.763,2,4.6,6.6,1.2,0.5,2.4,1.4,2.5,14.7,lopezbr01
287,Robin Lopez,C,34,CLE,32,1,7.7,1.2,1.8,0.655,0.1,0.1,0.667,1.1,1.7,0.655,0.672,0.4,0.5,0.75,0.6,0.7,1.3,0.4,0,0.1,0.7,1,2.8,lopezro01
288,Kevin Love,PF,34,TOT,45,7,20.3,2.7,7,0.387,1.6,4.8,0.343,1,2.2,0.485,0.505,1.4,1.5,0.884,1,5.9,6.9,1.9,0.2,0.2,1.1,1.6,8.4,loveke01
288,Kevin Love,PF,34,CLE,41,3,20,2.7,7,0.389,1.7,4.8,0.354,1,2.2,0.467,0.511,1.4,1.5,0.889,1,5.8,6.8,1.9,0.2,0.2,1.1,1.6,8.5,loveke01
288,Kevin Love,PF,34,MIA,4,4,23.3,2.5,7,0.357,1.3,5.3,0.238,1.3,1.8,0.714,0.446,1.3,1.5,0.833,0.8,7,7.8,2.3,0.5,0.5,0.5,2.3,7.5,loveke01
289,Kyle Lowry,PG,36,MIA,44,44,33.3,3.8,9.7,0.396,2,6.1,0.333,1.8,3.6,0.503,0.501,2.3,2.7,0.855,0.9,3.5,4.3,5.3,1.1,0.4,2,2.8,12,lowryky01
290,Trey Lyles,PF,27,SAC,55,0,16.2,2.5,5.3,0.474,1.1,3,0.365,1.4,2.3,0.619,0.578,1.3,1.6,0.798,0.9,2.7,3.7,0.9,0.4,0.5,0.8,1.2,7.5,lylestr01
291,Théo Maledon,PG,21,CHO,36,1,16.1,1.8,4.4,0.414,0.6,1.8,0.333,1.2,2.6,0.468,0.481,1.4,1.6,0.875,0.3,2.1,2.4,2.4,0.8,0.2,1,1,5.6,maledth01
292,Sandro Mamukelashvili,C,23,MIL,24,0,9,0.8,2.4,0.328,0.3,1.3,0.219,0.5,1.1,0.462,0.388,0.5,0.8,0.667,0.8,1.6,2.3,0.7,0.2,0.2,0.4,0.8,2.4,mamuksa01
293,Terance Mann,SG,26,LAC,63,35,23.4,3.5,6.7,0.526,1,2.4,0.39,2.6,4.3,0.604,0.597,1.1,1.4,0.775,0.9,2.7,3.7,2.2,0.5,0.3,1,1.9,9.1,mannte01
294,Tre Mann,PG,21,OKC,56,4,18.1,3,7.8,0.387,1.3,4.1,0.307,1.8,3.7,0.476,0.468,0.6,0.8,0.733,0.4,1.9,2.3,1.7,0.6,0.2,0.9,1.5,7.8,manntr01
295,Boban Marjanović,C,34,HOU,22,0,4.5,1.3,1.9,0.683,0,0,0,1.3,1.8,0.7,0.683,0.8,1,0.783,0.5,1,1.5,0.2,0,0,0.3,0.2,3.4,marjabo01
296,Lauri Markkanen,SF,25,UTA,57,57,34.4,8.5,16.7,0.512,3.1,7.5,0.409,5.5,9.2,0.594,0.603,5.1,5.8,0.88,1.9,6.7,8.6,1.8,0.6,0.6,1.9,2.1,25.3,markkla01
297,Naji Marshall,SF,25,NOP,58,19,24.6,3.3,7.8,0.429,0.9,3.1,0.309,2.4,4.7,0.507,0.49,1.9,2.4,0.777,0.7,3,3.7,2.5,0.8,0.2,1.2,1.5,9.5,marshna01
298,Caleb Martin,PF,27,MIA,53,49,30,3.7,8.2,0.451,1.3,3.6,0.363,2.4,4.6,0.52,0.531,1.2,1.6,0.774,1.3,3.7,5.1,1.6,1,0.5,1.1,2.1,10,martica02
299,Cody Martin,SF,27,CHO,7,0,19.1,2,5.1,0.389,0.4,2,0.214,1.6,3.1,0.5,0.431,0.6,1,0.571,1.1,2.3,3.4,1.6,0.6,0.1,0.3,1.9,5,martico01
300,Kenyon Martin Jr.,SF,22,HOU,62,29,26.7,4.7,8.4,0.561,0.9,2.7,0.317,3.9,5.7,0.676,0.612,1.7,2.5,0.658,1.5,4.1,5.6,1.5,0.5,0.4,1.1,1.8,12,martike04
301,Tyrese Martin,SG,23,ATL,13,0,3.5,0.5,1.2,0.375,0.1,0.4,0.2,0.4,0.8,0.455,0.406,0.2,0.2,1,0.2,0.3,0.5,0,0.1,0,0.1,0.2,1.2,martity01
302,Garrison Mathews,SG,26,TOT,47,0,12.9,1.3,3.6,0.357,1.1,3.3,0.346,0.1,0.3,0.467,0.515,0.9,1,0.911,0.2,1.1,1.3,0.5,0.5,0.1,0.4,1.2,4.6,mathega01
302,Garrison Mathews,SG,26,HOU,45,0,13.4,1.3,3.8,0.353,1.2,3.4,0.342,0.2,0.3,0.467,0.509,0.9,1,0.911,0.2,1.2,1.4,0.5,0.5,0.1,0.4,1.2,4.8,mathega01
302,Garrison Mathews,SG,26,ATL,2,0,3,0.5,0.5,1,0.5,0.5,1,0,0,,1.5,0,0,,0,0.5,0.5,0,0,0,0,0,1.5,mathega01
303,Bennedict Mathurin,SF,20,IND,63,6,28.2,5.4,12.7,0.428,1.4,4.3,0.322,4,8.4,0.482,0.482,4.9,5.9,0.83,1.1,3,4.1,1.4,0.6,0.1,1.8,2.1,17.1,mathube01
304,Wesley Matthews,SG,36,MIL,39,0,15.6,1,3,0.331,0.8,2.4,0.326,0.2,0.6,0.348,0.462,0.4,0.5,0.85,0.8,1.5,2.2,0.5,0.4,0.3,0.4,1.4,3.2,matthwe02
305,Tyrese Maxey,SG,22,PHI,42,23,32.7,7.1,15.6,0.456,2.3,5.9,0.391,4.8,9.7,0.495,0.53,3.1,3.9,0.815,0.4,2.4,2.8,3.6,0.8,0.1,1.4,2.2,19.6,maxeyty01
306,Miles McBride,PG,22,NYK,50,2,12,1.1,3.3,0.335,0.6,2.1,0.286,0.5,1.2,0.424,0.427,0.4,0.6,0.688,0.2,0.6,0.8,1.1,0.5,0,0.4,0.9,3.2,mcbrimi01
307,CJ McCollum,SG,31,NOP,56,56,35,7.9,18.1,0.435,2.8,7.3,0.377,5.1,10.8,0.474,0.511,2.5,3.1,0.793,0.8,3.5,4.3,5.9,0.9,0.6,2.6,1.9,21,mccolcj01
308,T.J. McConnell,PG,30,IND,60,6,19.5,3.3,6.3,0.524,0.3,0.7,0.419,3,5.6,0.537,0.547,0.7,0.8,0.854,0.6,2.4,2.9,5,1,0.1,1.8,1.3,7.6,mccontj01
309,Jaden McDaniels,PF,22,MIN,61,61,30.6,4.5,8.7,0.52,1.3,3.3,0.385,3.3,5.4,0.601,0.592,1.2,1.7,0.738,1.2,2.7,3.9,2,1,1,1.4,3.5,11.6,mcdanja02
310,Jalen McDaniels,SF,25,TOT,63,21,25.4,3.7,8.2,0.445,1.1,3.3,0.324,2.6,5,0.526,0.51,1.5,1.8,0.835,0.8,3.8,4.7,1.9,1.1,0.5,1.3,2.7,9.9,mcdanja01
310,Jalen McDaniels,SF,25,CHO,56,21,26.7,3.9,8.8,0.447,1.2,3.6,0.322,2.8,5.2,0.534,0.513,1.6,1.9,0.846,0.8,4,4.8,2,1.2,0.5,1.4,2.8,10.6,mcdanja01
310,Jalen McDaniels,SF,25,PHI,7,0,15.6,1.4,3.6,0.4,0.3,0.7,0.4,1.1,2.9,0.4,0.44,1.1,1.6,0.727,1.1,2.1,3.3,1.1,0.6,0,0.3,1.9,4.3,mcdanja01
311,Doug McDermott,SF,31,SAS,54,0,20.6,3.7,8,0.461,1.9,4.5,0.414,1.8,3.5,0.521,0.578,0.7,0.9,0.745,0.3,1.9,2.2,1.4,0.2,0.1,0.9,1.8,9.9,mcderdo01
312,JaVale McGee,C,35,DAL,36,7,8.1,1.8,2.9,0.604,0,0.1,0.25,1.8,2.8,0.618,0.608,0.5,0.9,0.563,0.8,1.8,2.6,0.3,0.1,0.6,0.9,1.2,4.1,mcgeeja01
313,Bryce McGowens,SG,20,CHO,28,1,14.4,1.3,3.5,0.381,0.4,1.2,0.353,0.9,2.3,0.397,0.443,0.8,1.1,0.767,0.3,1.4,1.7,1,0.3,0.1,0.6,0.8,3.9,mcgowbr01
314,Rodney McGruder,SG,31,DET,23,4,11.5,1.1,2.9,0.373,0.7,2,0.362,0.3,0.9,0.4,0.5,0.4,0.6,0.692,0.5,0.9,1.4,0.7,0.3,0,0.3,0.8,3.3,mcgruro01
315,Jordan McLaughlin,PG,26,MIN,27,0,15.3,1.4,3.4,0.429,0.4,1.7,0.234,1,1.6,0.636,0.489,0.3,0.4,0.9,0.5,1.1,1.7,3,0.8,0.1,0.8,0.5,3.6,mclaujo01
316,De'Anthony Melton,PG,24,PHI,58,49,28.2,3.7,8.7,0.423,2.1,5.3,0.398,1.6,3.3,0.464,0.546,0.8,1.1,0.79,0.9,3.1,4.1,2.6,1.7,0.6,1.4,2.5,10.3,meltode01
317,Chimezie Metu,C,25,SAC,48,0,11.1,2.1,3.4,0.606,0.2,0.7,0.25,1.9,2.8,0.692,0.63,0.7,0.9,0.744,0.8,2.4,3.2,0.7,0.4,0.3,0.6,1.4,5,metuch01
318,Khris Middleton,SF,31,MIL,20,7,21.5,4.9,11.6,0.424,1.5,4.9,0.299,3.5,6.7,0.515,0.487,2.4,2.6,0.904,0.7,3.5,4.2,4.2,0.7,0.2,2.2,2.1,13.6,middlkh01
319,Patty Mills,PG,34,BRK,37,1,13.1,2,4.8,0.412,1.1,3.1,0.368,0.8,1.7,0.492,0.531,0.5,0.6,0.905,0.2,0.8,0.9,1.3,0.4,0.1,0.6,0.7,5.6,millspa02
320,Shake Milton,SG,26,PHI,57,9,20.7,3.4,6.8,0.492,0.8,2,0.384,2.6,4.9,0.536,0.547,1.4,1.6,0.846,0.5,2.1,2.6,2.8,0.3,0.2,1.3,1.6,8.8,miltosh01
321,Josh Minott,SF,20,MIN,11,0,6.2,1.3,2.5,0.519,0.1,0.4,0.25,1.2,2.1,0.565,0.537,0.5,0.5,1,0.5,1.5,2,0.3,0.3,0.5,0,0.6,3.2,minotjo01
322,Davion Mitchell,PG,24,SAC,60,6,18.1,2.3,5,0.452,0.8,2.4,0.331,1.5,2.6,0.564,0.532,0.3,0.4,0.8,0.2,1.1,1.3,2.2,0.5,0.2,0.8,1.5,5.7,mitchda01
323,Donovan Mitchell,SG,26,CLE,54,54,35.5,9.6,20,0.481,3.7,9.5,0.387,6,10.6,0.564,0.572,4.6,5.2,0.876,0.9,3.1,4,4.8,1.5,0.4,2.7,2.4,27.5,mitchdo01
324,Evan Mobley,PF,21,CLE,63,63,34.2,6.5,11.9,0.549,0.3,1.3,0.214,6.3,10.6,0.592,0.561,2.5,3.7,0.69,2.3,6.6,8.9,2.6,0.8,1.3,2,2.9,15.9,mobleev01
325,Isaiah Mobley,PF,23,CLE,9,0,2.9,0.4,0.9,0.5,0.1,0.2,0.5,0.3,0.7,0.5,0.563,0,0,,0.1,1.1,1.2,0,0.1,0,0,0.2,1,mobleis01
326,Chima Moneke,SF,27,SAC,2,0,4,0.5,1,0.5,0,0,,0.5,1,0.5,0.5,0,1,0,1,0,1,0.5,0,0,1,1,1,monekch01
327,Malik Monk,SG,24,SAC,58,0,22.7,4.9,10.7,0.456,1.8,5.1,0.343,3.1,5.6,0.559,0.538,2.4,2.7,0.903,0.5,2.1,2.6,3.8,0.6,0.2,2,1.6,13.9,monkma01
328,Moses Moody,SG,20,GSW,48,3,13.7,1.6,3.8,0.434,0.8,2.4,0.333,0.9,1.4,0.603,0.538,0.7,0.9,0.727,0.4,1.2,1.6,0.9,0.3,0.1,0.6,0.8,4.8,moodymo01
329,Wendell Moore Jr.,SG,21,MIN,24,2,5.8,0.6,1.5,0.405,0.1,0.7,0.125,0.5,0.9,0.619,0.432,0.2,0.2,0.8,0.1,0.6,0.7,0.7,0.3,0.2,0.3,0.5,1.5,moorewe01
330,Ja Morant,PG,23,MEM,52,52,32.5,9.6,20.7,0.465,1.6,5.1,0.312,8,15.5,0.515,0.503,6.3,8.5,0.742,1.1,4.9,6,8.2,1.1,0.3,3.4,1.7,27.1,moranja01
331,Marcus Morris,PF,33,LAC,56,56,28.6,4.5,10.4,0.43,1.9,5.1,0.371,2.6,5.3,0.485,0.52,1.2,1.5,0.786,0.4,3.7,4.1,1.8,0.7,0.4,0.9,2.2,12,morrima03
332,Markieff Morris,PF,33,TOT,29,1,10.3,1.2,2.9,0.4,0.7,1.8,0.404,0.4,1.1,0.394,0.524,0.3,0.3,1,0.4,1.6,2,0.9,0.3,0.2,0.5,1.3,3.4,morrima02
332,Markieff Morris,PF,33,BRK,27,1,10.6,1.2,3,0.402,0.7,1.8,0.408,0.5,1.2,0.394,0.524,0.4,0.4,1,0.5,1.7,2.2,0.9,0.3,0.2,0.5,1.2,3.6,morrima02
332,Markieff Morris,PF,33,DAL,2,0,7,0.5,1.5,0.333,0.5,1.5,0.333,0,0,,0.5,0,0,,0,0,0,0.5,0.5,0,0.5,2.5,1.5,morrima02
333,Monte Morris,PG,27,WAS,51,51,28.1,4,8.2,0.483,1.4,3.3,0.406,2.6,4.9,0.536,0.565,1.1,1.3,0.806,0.4,3,3.4,5.3,0.7,0.2,1,1.4,10.4,morrimo01
334,Trey Murphy III,SF,22,NOP,60,46,29.1,4.4,9.2,0.472,2.2,5.6,0.386,2.2,3.7,0.603,0.589,1.8,2,0.908,0.8,2.8,3.6,1.3,1,0.5,0.8,2,12.7,murphtr02
335,Dejounte Murray,SG,26,ATL,57,57,36.4,8.4,18.1,0.466,2.1,5.6,0.363,6.4,12.4,0.512,0.522,2,2.4,0.837,0.7,4.7,5.5,6.1,1.5,0.3,2.2,1.4,20.8,murrade01
336,Jamal Murray,PG,25,DEN,49,49,32.6,7.3,16.1,0.456,2.5,6.4,0.388,4.9,9.8,0.5,0.532,3,3.6,0.83,0.8,3.3,4.1,6,1,0.2,2.1,1.4,20.1,murraja01
337,Keegan Murray,SF,22,SAC,59,57,29.8,4.3,9.7,0.448,2.5,6,0.414,1.8,3.7,0.505,0.577,0.9,1.1,0.8,1.1,3.5,4.6,1.2,0.8,0.5,0.8,1.9,12.1,murrake02
338,Mike Muscala,C,31,TOT,48,6,15,2.2,5,0.439,1.4,3.5,0.391,0.8,1.5,0.557,0.577,0.7,0.9,0.78,0.5,2.6,3.1,0.8,0.3,0.4,0.3,1.7,6.4,muscami01
338,Mike Muscala,C,31,OKC,43,5,14.5,2.1,4.7,0.438,1.3,3.3,0.394,0.8,1.4,0.541,0.576,0.7,0.9,0.795,0.5,2.6,3.1,0.9,0.3,0.4,0.3,1.6,6.2,muscami01
338,Mike Muscala,C,31,BOS,5,1,19.8,3.2,7.2,0.444,2,5.4,0.37,1.2,1.8,0.667,0.583,0.2,0.4,0.5,0.2,3,3.2,0.4,0.2,0.4,0.4,2,8.6,muscami01
339,Svi Mykhailiuk,SF,25,TOT,15,0,4.7,0.7,1.7,0.44,0.5,1.1,0.5,0.2,0.6,0.333,0.6,0.2,0.4,0.5,0.1,0.5,0.6,0.1,0.1,0,0.3,0.2,2.2,mykhasv01
339,Svi Mykhailiuk,SF,25,NYK,13,0,3.1,0.5,0.9,0.5,0.5,0.8,0.6,0,0.2,0,0.75,0.2,0.4,0.6,0,0.5,0.5,0.1,0.1,0,0.2,0.1,1.6,mykhasv01
339,Svi Mykhailiuk,SF,25,CHO,2,0,15.5,2.5,6.5,0.385,1,3,0.333,1.5,3.5,0.429,0.462,0,0.5,0,0.5,0.5,1,0.5,0,0,1,1,6,mykhasv01
340,Larry Nance Jr.,PF,30,NOP,50,1,22.3,3.2,5.3,0.616,0.3,0.8,0.342,3,4.5,0.662,0.641,1,1.4,0.676,1.8,4.1,5.9,1.9,0.9,0.7,0.7,2.1,7.7,nancela02
341,Andrew Nembhard,SG,23,IND,56,44,27,3.2,7.6,0.419,1.2,3.6,0.337,2,4,0.491,0.498,0.5,0.6,0.813,0.5,2.2,2.7,4.1,1,0.2,1.6,2.6,8,nembhan01
342,Aaron Nesmith,SF,23,IND,56,44,24.5,3.4,8,0.421,1.5,4.2,0.352,1.9,3.8,0.498,0.513,1.6,1.8,0.864,0.8,2.9,3.7,1.2,0.8,0.4,0.9,3.4,9.8,nesmiaa01
343,Raul Neto,PG,30,CLE,41,1,10.2,1.1,2.2,0.517,0.3,0.9,0.333,0.8,1.3,0.642,0.584,0.6,0.6,0.92,0.2,0.8,1,1.4,0.4,0.1,0.3,0.9,3.1,netora01
344,Georges Niang,PF,29,PHI,58,0,19.4,3,6.7,0.442,2.1,5.2,0.401,0.9,1.6,0.578,0.596,0.5,0.6,0.875,0.3,2.1,2.4,1.1,0.4,0.2,0.7,1.9,8.5,niangge01
345,Daishen Nix,PG,20,HOU,45,6,16.2,1.5,4.1,0.357,0.8,2.5,0.316,0.7,1.6,0.423,0.454,0.5,0.8,0.676,0.3,1.4,1.7,2.6,0.6,0.1,1.5,1,4.2,nixda01
346,Zeke Nnaji,PF,22,DEN,44,5,13.3,2,3.5,0.572,0.3,1,0.289,1.7,2.4,0.692,0.615,0.8,1.2,0.667,1.3,1,2.3,0.3,0.3,0.4,0.5,1.8,5.1,nnajize01
347,Nerlens Noel,C,28,DET,14,3,10.9,0.9,2.1,0.4,0.1,0.1,0.5,0.8,2,0.393,0.417,0.5,0.7,0.7,0.5,2.1,2.6,0.5,0.9,0.6,0.6,1.8,2.3,noelne01
348,Jaylen Nowell,SG,23,MIN,62,2,19.5,4.3,9.7,0.446,1.1,3.6,0.293,3.2,6,0.537,0.501,1.2,1.6,0.784,0.5,2.1,2.6,2,0.6,0.1,1,1.5,10.9,nowelja01
349,Frank Ntilikina,PG,24,DAL,38,3,12.2,0.9,2.6,0.347,0.3,1.4,0.208,0.6,1.2,0.511,0.403,0.4,0.6,0.636,0.2,1.2,1.3,1.2,0.3,0.1,0.7,1.3,2.4,ntilila01
350,Kendrick Nunn,SG-PG,27,TOT,53,2,14.5,2.8,6.5,0.422,1.1,3.2,0.333,1.7,3.4,0.506,0.503,0.5,0.6,0.839,0.2,1.3,1.6,1.3,0.4,0.1,0.9,1,7.1,nunnke01
350,Kendrick Nunn,SG,27,LAL,39,2,13.5,2.6,6.4,0.406,1.1,3.2,0.325,1.6,3.2,0.488,0.488,0.4,0.5,0.81,0.1,1.3,1.4,0.9,0.3,0.1,0.8,0.9,6.7,nunnke01
350,Kendrick Nunn,PG,27,WAS,14,0,17.3,3.1,6.8,0.463,1.1,3,0.357,2.1,3.8,0.547,0.542,0.6,0.7,0.9,0.5,1.5,2,2.4,0.6,0,1.1,1.1,8,nunnke01
351,Jusuf Nurkić,C,28,POR,45,45,27.3,5.2,9.8,0.524,0.9,2.2,0.39,4.3,7.6,0.563,0.568,2.6,3.8,0.686,2.3,7.2,9.4,2.9,0.9,0.9,2.4,3.6,13.8,nurkiju01
352,Jordan Nwora,SF,24,TOT,43,3,16.1,2.2,5.5,0.399,1.1,2.8,0.392,1.1,2.7,0.407,0.498,0.9,1.1,0.83,0.7,2.4,3.2,1.1,0.3,0.2,0.9,0.9,6.4,nworajo01
352,Jordan Nwora,SF,24,MIL,38,3,15.7,2,5.2,0.386,1.1,2.7,0.392,0.9,2.5,0.379,0.487,1,1.1,0.86,0.8,2.3,3.1,1,0.3,0.2,0.9,0.9,6,nworajo01
352,Jordan Nwora,SF,24,IND,5,0,19,3.8,8.2,0.463,1.4,3.6,0.389,2.4,4.6,0.522,0.549,0.4,0.8,0.5,0.4,3.4,3.8,2,0.6,0,0.6,0.6,9.4,nworajo01
353,Royce O'Neale,SF,29,BRK,59,52,32.7,3.1,7.9,0.39,2.2,5.5,0.397,0.9,2.4,0.374,0.529,0.6,0.8,0.729,0.6,4.2,4.8,3.8,0.8,0.7,1.5,3.1,8.9,onealro01
354,Chuma Okeke,SF,24,ORL,20,7,20.5,1.7,4.6,0.363,1,3.2,0.302,0.7,1.4,0.5,0.467,0.8,1.1,0.762,1.1,2.9,3.9,1.3,0.6,0.5,0.5,1.7,5.1,okekech01
355,Josh Okogie,SG,24,PHO,53,7,16,2.1,5,0.417,0.8,2.2,0.339,1.3,2.8,0.48,0.492,1.6,2.2,0.709,1.5,1.8,3.3,1.2,0.8,0.4,0.9,1.5,6.5,okogijo01
356,Onyeka Okongwu,C,22,ATL,60,17,23.9,3.9,6.1,0.63,0,0.1,0.2,3.9,6.1,0.636,0.632,1.5,2.1,0.748,2.7,4.7,7.4,1,0.7,1.3,1,3.3,9.3,okongon01
357,Isaac Okoro,SF,22,CLE,65,35,21.1,2.2,4.6,0.49,0.8,2.2,0.347,1.5,2.4,0.623,0.574,1.1,1.4,0.75,0.7,1.9,2.6,1.1,0.7,0.4,0.6,2,6.3,okorois01
358,KZ Okpala,PF,23,SAC,35,3,7.1,0.5,1.1,0.421,0.2,0.6,0.333,0.3,0.5,0.529,0.513,0.2,0.2,0.875,0.2,0.8,1,0.4,0.2,0.2,0.2,1.1,1.3,okpalkz01
359,Victor Oladipo,SG,30,MIA,30,1,27.4,3.8,9.5,0.398,1.4,4.6,0.295,2.4,4.8,0.497,0.47,1.5,2,0.763,0.4,3,3.4,3.6,1.5,0.2,1.9,2.5,10.4,oladivi01
360,Kelly Olynyk,C,31,UTA,51,51,28.2,3.9,8,0.49,1.4,3.6,0.401,2.5,4.5,0.561,0.579,2.7,3.2,0.829,1.3,4.2,5.5,3.2,1,0.6,2.2,3.7,12,olynyke01
361,Eugene Omoruyi,SF,25,OKC,23,2,11.8,1.9,4.1,0.468,0.3,1.3,0.258,1.6,2.7,0.571,0.511,0.7,1.2,0.607,1,1.3,2.3,0.5,0.6,0,0.7,2,4.9,omorueu01
362,Cedi Osman,SF,27,CLE,61,0,20.8,3.2,7,0.453,1.4,4,0.348,1.8,3,0.591,0.552,1,1.4,0.659,0.3,1.9,2.2,1.5,0.5,0.1,0.7,1.5,8.7,osmande01
363,Kelly Oubre Jr.,SF,27,CHO,39,31,32.1,7.3,17.3,0.422,2.2,7.2,0.31,5.1,10.1,0.501,0.486,3,4,0.739,1.5,3.8,5.2,1.1,1.5,0.4,1.3,3,19.8,oubreke01
364,Chris Paul,PG,37,PHO,42,42,32.2,4.7,11.2,0.423,1.5,4.1,0.368,3.2,7,0.456,0.491,2.5,3.1,0.817,0.4,3.8,4.1,9,1.5,0.4,2.1,2.2,13.5,paulch01
365,Cameron Payne,PG,28,PHO,31,14,22.9,4.4,10.6,0.409,1.7,4.4,0.38,2.7,6.2,0.43,0.488,1.3,1.7,0.736,0.3,2.1,2.4,4.8,0.8,0.2,1.9,2.1,11.6,payneca01
366,Gary Payton II,PG,30,POR,15,1,17,1.6,2.7,0.585,0.6,1.1,0.529,1,1.6,0.625,0.695,0.3,0.3,1,0.7,1.9,2.6,1.5,1.1,0.1,0.8,1.9,4.1,paytoga02
367,Theo Pinson,SG,27,DAL,33,0,7.2,0.6,1.8,0.339,0.5,1.3,0.357,0.2,0.5,0.294,0.466,0.3,0.3,0.818,0.2,0.9,1.2,0.9,0.1,0,0.3,0.7,1.9,pinsoth01
368,Scotty Pippen Jr.,PG,22,LAL,6,0,5.3,0.7,2,0.333,0.2,0.5,0.333,0.5,1.5,0.333,0.375,0.8,1.5,0.556,0.3,0.3,0.7,0.3,0.3,0.2,0.3,0.5,2.3,pippesc02
369,Mason Plumlee,C,32,TOT,61,58,27.9,4.5,6.7,0.676,0,0,,4.5,6.7,0.676,0.676,2.8,4.5,0.619,3.2,6.3,9.5,3.5,0.6,0.6,1.6,2.9,11.8,plumlma01
369,Mason Plumlee,C,32,CHO,56,56,28.5,4.7,7.1,0.669,0,0,,4.7,7.1,0.669,0.669,2.8,4.6,0.605,3.3,6.3,9.7,3.7,0.6,0.6,1.6,2.9,12.2,plumlma01
369,Mason Plumlee,C,32,LAC,5,2,20.4,2.2,2.4,0.917,0,0,,2.2,2.4,0.917,0.917,2.8,3.4,0.824,1.6,6.4,8,2.2,0.6,0.6,1.6,3,7.2,plumlma01
370,Jakob Poeltl,C,27,TOT,53,52,26.2,5.3,8.4,0.632,0,0,0,5.3,8.4,0.634,0.632,1.7,2.9,0.583,3.3,5.7,9,3,0.9,1.2,1.9,2.6,12.4,poeltja01
370,Jakob Poeltl,C,27,SAS,46,46,26.1,5.2,8.4,0.616,0,0,0,5.2,8.4,0.618,0.616,1.7,2.8,0.605,3.3,5.7,9,3.1,0.8,1.1,2.1,2.6,12.1,poeltja01
370,Jakob Poeltl,C,27,TOR,7,6,27.1,6.1,8.3,0.741,0,0,,6.1,8.3,0.741,0.741,1.9,3.9,0.481,3.1,5.7,8.9,2.3,1.9,2,0.9,3.1,14.1,poeltja01
371,Aleksej Pokusevski,PF,21,OKC,31,25,21.8,3.5,7.8,0.44,1.2,3.3,0.376,2.2,4.6,0.486,0.519,0.7,1.1,0.636,1.5,3.6,5.1,2,0.6,1.3,1.3,1.8,8.8,pokusal01
372,Jordan Poole,PG,23,GSW,62,39,30.7,7,16.3,0.432,2.6,8,0.329,4.4,8.3,0.531,0.513,4.1,4.8,0.861,0.4,2.4,2.8,4.6,0.8,0.2,3.3,2.7,20.8,poolejo01
373,Kevin Porter Jr.,PG,22,HOU,41,41,33.8,6.6,15.3,0.435,2.2,6.3,0.347,4.4,9,0.496,0.506,3.5,4.6,0.766,1.4,4.1,5.4,5.5,1.3,0.4,3.5,2.7,19,porteke02
374,Michael Porter Jr.,SF,24,DEN,46,46,29.2,6.3,13,0.482,3,7.3,0.41,3.3,5.8,0.574,0.597,1.5,1.8,0.8,0.9,4.5,5.4,1,0.7,0.5,1.1,2.2,17,portemi01
375,Otto Porter Jr.,SF,29,TOR,8,2,18.3,1.9,3.8,0.5,0.8,2.1,0.353,1.1,1.6,0.692,0.6,1,1,1,0.8,1.6,2.4,1,1.4,0,0.5,0.9,5.5,porteot01
376,Bobby Portis,PF,27,MIL,51,15,26.2,5.7,11.6,0.494,1.2,3.5,0.339,4.6,8.2,0.56,0.545,1.3,1.6,0.825,2.5,7.3,9.8,1.7,0.5,0.2,1.2,1.7,14,portibo01
377,Kristaps Porziņģis,C,27,WAS,51,51,32.6,7.4,15.2,0.487,2.1,5.5,0.376,5.3,9.7,0.549,0.555,5.9,7,0.846,1.9,6.7,8.6,2.5,0.9,1.5,2.2,3.1,22.8,porzikr01
378,Micah Potter,PF,24,UTA,3,0,4.7,0.7,0.7,1,0,0,,0.7,0.7,1,1,0,0,,0.3,0.7,1,0.7,0,0,0,0.7,1.3,pottemi01
379,Dwight Powell,C,31,DAL,58,46,19.8,2.6,3.6,0.722,0,0.1,0,2.6,3.6,0.733,0.722,1.7,2.4,0.691,2.1,2.3,4.3,0.8,0.7,0.4,0.9,2.9,6.9,poweldw01
380,Norman Powell,SG,29,LAC,53,7,25.9,5.6,11.7,0.48,2.1,4.9,0.421,3.6,6.8,0.522,0.568,3.6,4.5,0.803,0.4,2.6,2.9,1.8,0.8,0.3,1.7,2,16.9,powelno01
381,Jason Preston,PG,23,LAC,13,0,9.4,1.4,3.2,0.439,0.4,1.4,0.278,1,1.8,0.565,0.5,0,0.2,0,0.2,1.5,1.7,2.1,0.2,0,0.8,0.5,3.2,prestja01
382,Joshua Primo,SG,20,SAS,4,0,23.3,2.3,6.5,0.346,0.8,3,0.25,1.5,3.5,0.429,0.404,1.8,2.3,0.778,0.5,2.8,3.3,4.5,0.3,0.5,2.8,2,7,primojo01
383,Taurean Prince,SF,28,MIN,38,2,21.3,3.2,6.5,0.49,1.3,3.4,0.395,1.8,3.1,0.593,0.593,0.8,1,0.816,0.3,2.1,2.4,1.6,0.5,0.4,1.2,2.4,8.5,princta02
384,Payton Pritchard,PG,25,BOS,43,2,12.5,1.8,4.5,0.402,1,2.8,0.342,0.9,1.7,0.5,0.508,0.2,0.3,0.692,0.5,1,1.5,1,0.3,0,0.7,0.8,4.8,pritcpa01
385,Trevelin Queen,SG,25,IND,7,0,10,1,4.1,0.241,0.3,2.1,0.133,0.7,2,0.357,0.276,0.7,0.7,1,1.1,1.3,2.4,0.9,0.3,0.7,1,0.6,3,queentr01
386,Neemias Queta,C,23,SAC,4,0,6.3,1.5,2,0.75,0,0,,1.5,2,0.75,0.75,0,0.5,0,1,1.3,2.3,0.3,0,0.3,0.3,1.8,3,quetane01
387,Immanuel Quickley,PG,23,NYK,63,10,27.7,4.5,10.2,0.443,1.8,5,0.359,2.8,5.3,0.523,0.53,2.1,2.5,0.818,0.7,3.4,4,3.1,0.8,0.2,1.1,2,12.9,quickim01
388,Julius Randle,PF,28,NYK,64,64,35.8,8.5,18.3,0.463,2.8,8.1,0.347,5.7,10.3,0.555,0.54,5.2,6.9,0.756,2.1,8.4,10.5,4.2,0.7,0.3,2.8,3,25,randlju01
389,Austin Reaves,SG,24,LAL,45,12,27.6,3.5,6.8,0.513,1.3,3.3,0.389,2.2,3.4,0.632,0.609,2.7,3.1,0.877,0.6,2.3,2.9,2.4,0.6,0.4,1.4,1.6,10.9,reaveau01
390,Cam Reddish,SF,23,TOT,27,14,23.2,3.4,7.5,0.45,1.2,3.6,0.327,2.2,3.9,0.567,0.53,1.6,1.7,0.913,0.4,1.3,1.8,1.3,0.9,0.3,1,1.7,9.5,reddica01
390,Cam Reddish,SF,23,NYK,20,8,21.9,3.1,6.8,0.449,0.9,2.8,0.304,2.2,4,0.55,0.511,1.5,1.7,0.879,0.4,1.2,1.6,1,0.8,0.4,0.8,1.6,8.4,reddica01
390,Cam Reddish,SF,23,POR,7,6,27,4.3,9.4,0.455,2.1,6,0.357,2.1,3.4,0.625,0.568,1.9,1.9,1,0.7,1.7,2.4,2.3,1.3,0.1,1.6,2.1,12.6,reddica01
391,Davon Reed,SG,27,TOT,39,1,8.6,0.7,2.1,0.325,0.4,1.2,0.37,0.3,0.9,0.27,0.428,0.4,0.6,0.667,0.3,1.2,1.5,0.5,0.4,0.1,0.5,1,2.2,reedda01
391,Davon Reed,SG,27,DEN,35,1,9,0.7,2.3,0.313,0.5,1.3,0.364,0.3,1,0.25,0.413,0.4,0.6,0.75,0.3,1.3,1.6,0.5,0.4,0.1,0.6,1,2.3,reedda01
391,Davon Reed,SG,27,LAL,4,0,4.8,0.5,0.8,0.667,0.3,0.5,0.5,0.3,0.3,1,0.833,0.3,1,0.25,0.3,0.5,0.8,0.5,0.3,0,0,0.5,1.5,reedda01
392,Paul Reed,C,23,PHI,48,0,9.9,1.5,2.5,0.583,0,0.1,0,1.5,2.4,0.603,0.583,0.4,0.5,0.769,1.3,2,3.3,0.3,0.6,0.6,0.6,1.8,3.3,reedpa01
393,Naz Reid,C,23,MIN,56,11,18.1,4.3,8,0.531,1,3.1,0.328,3.2,4.9,0.661,0.595,1.1,1.7,0.66,1.2,3.7,4.9,1.1,0.6,0.9,1.3,2.5,10.7,reidna01
394,Jared Rhoden,SG,23,DET,1,0,12,1,3,0.333,0,1,0,1,2,0.5,0.333,0,0,,0,1,1,0,0,0,0,3,2,rhodeja01
395,Nick Richards,C,25,CHO,49,0,17.4,2.9,4.8,0.606,0,0,,2.9,4.8,0.606,0.606,2,2.8,0.733,2.4,3.3,5.8,0.4,0.2,1,0.8,2.3,7.9,richani01
396,Josh Richardson,SG,29,TOT,48,10,24.1,4.1,9.3,0.442,1.7,4.8,0.352,2.4,4.5,0.537,0.532,1.3,1.5,0.861,0.6,2.1,2.8,3.1,1.2,0.3,1.5,1.9,11.2,richajo01
396,Josh Richardson,SG,29,SAS,42,6,23.7,4.2,9.7,0.436,1.8,4.9,0.357,2.5,4.7,0.518,0.527,1.3,1.4,0.883,0.7,2.1,2.8,3.3,1,0.3,1.5,1.7,11.5,richajo01
396,Josh Richardson,SG,29,NOP,6,4,27,3.5,7,0.5,1.2,3.8,0.304,2.3,3.2,0.737,0.583,1.5,2,0.75,0.2,2.2,2.3,2.3,2.7,0.5,1.3,3.5,9.7,richajo01
397,Austin Rivers,SG,30,MIN,49,10,20.4,1.9,4.2,0.444,0.9,2.5,0.355,1,1.7,0.571,0.549,0.6,0.8,0.769,0.1,1.6,1.7,1.5,0.6,0.1,0.5,1.6,5.2,riverau01
398,Duncan Robinson,SF,28,MIA,32,0,17.3,2.1,5.9,0.36,1.6,4.8,0.325,0.6,1.1,0.514,0.492,0.6,0.7,0.909,0.3,1.6,1.9,1.2,0.4,0,0.7,1.9,6.4,robindu01
399,Mitchell Robinson,C,24,NYK,42,41,27,3.3,4.7,0.706,0,0,,3.3,4.7,0.706,0.706,1,2,0.477,4.2,5,9.2,0.9,0.9,1.7,0.5,2.9,7.6,robinmi01
400,Orlando Robinson,C,22,MIA,29,1,13.7,1.6,3,0.535,0,0.2,0,1.6,2.8,0.568,0.535,0.7,1,0.724,1.5,2.6,4.1,0.7,0.4,0.4,0.5,1.8,3.9,robinor01
401,Jeremiah Robinson-Earl,PF,22,OKC,33,19,20,2.8,6.2,0.451,0.9,2.8,0.33,1.8,3.3,0.555,0.527,0.9,1.1,0.806,1.8,2.6,4.5,1,0.6,0.3,0.5,1.7,7.4,robinje02
402,Isaiah Roby,PF,24,SAS,42,2,11.3,1.6,3.7,0.432,0.4,1.4,0.3,1.2,2.3,0.516,0.49,0.5,1,0.488,0.5,2,2.5,0.9,0.4,0.2,0.7,1.3,4.1,robyis01
403,David Roddy,PF,21,MEM,49,1,17.1,2.3,5.6,0.421,0.8,2.8,0.292,1.5,2.8,0.551,0.495,0.6,1,0.625,0.6,1.9,2.6,0.6,0.5,0.2,0.9,1.5,6.1,roddyda01
404,Ryan Rollins,PG,20,GSW,12,0,5.2,0.6,1.7,0.35,0.3,0.8,0.333,0.3,0.9,0.364,0.425,0.5,0.5,1,0.3,0.8,1,0.5,0.1,0.1,1.3,0.8,1.9,rolliry01
405,Derrick Rose,PG,34,NYK,27,0,12.5,2.3,5.9,0.384,0.7,2.3,0.302,1.6,3.6,0.438,0.443,0.4,0.4,0.917,0.3,1.2,1.5,1.7,0.3,0.2,0.8,0.7,5.6,rosede01
406,Terrence Ross,SG,31,TOT,45,9,22.4,3.2,7.3,0.433,1.5,3.9,0.373,1.7,3.4,0.503,0.534,0.4,0.5,0.727,0.2,1.9,2.2,1.3,0.6,0.2,0.8,1.4,8.1,rosste01
406,Terrence Ross,SG,31,ORL,42,9,22.5,3.1,7.1,0.431,1.5,3.8,0.381,1.6,3.3,0.489,0.533,0.4,0.5,0.75,0.2,1.8,2,1.3,0.6,0.2,0.9,1.3,8,rosste01
406,Terrence Ross,SG,31,PHO,3,0,21.7,4.3,9.7,0.448,1.7,5.7,0.294,2.7,4,0.667,0.534,0.3,0.7,0.5,0.3,3.7,4,2,0.3,0,0,2.7,10.7,rosste01
407,Terry Rozier,SG,28,CHO,53,53,35.7,7.9,19,0.414,2.7,8.2,0.329,5.2,10.9,0.477,0.484,2.9,3.6,0.813,0.9,3.3,4.2,4.8,1.1,0.2,2.1,1.9,21.4,roziete01
408,Ricky Rubio,PG,32,CLE,17,0,16.1,1.6,5.2,0.315,0.8,2.9,0.28,0.8,2.3,0.359,0.393,0.9,1.3,0.727,0.2,2.1,2.3,3.4,1.1,0.1,0.8,1.5,5.1,rubiori01
409,D'Angelo Russell,PG,26,TOT,58,58,32.4,6.2,13.3,0.464,2.7,6.8,0.389,3.5,6.4,0.543,0.564,2.6,3.1,0.85,0.5,2.6,3.1,6.1,1.1,0.4,2.6,2.1,17.6,russeda01
409,D'Angelo Russell,PG,26,MIN,54,54,32.9,6.3,13.5,0.465,2.7,7,0.391,3.5,6.4,0.546,0.567,2.6,3.1,0.856,0.5,2.5,3.1,6.2,1.1,0.4,2.7,2.2,17.9,russeda01
409,D'Angelo Russell,PG,26,LAL,4,4,24.8,4.8,10.8,0.442,1.5,4.3,0.353,3.3,6.5,0.5,0.512,2.5,3.3,0.769,0.5,3,3.5,5,0.3,0,1.5,1.3,13.5,russeda01
410,Matt Ryan,SF,25,TOT,32,0,9.5,1.3,3.3,0.374,1,2.6,0.386,0.3,0.8,0.333,0.523,0.3,0.4,0.833,0.1,0.7,0.8,0.5,0.2,0,0.2,0.8,3.8,ryanma01
410,Matt Ryan,SF,25,LAL,12,0,10.8,1.3,4.1,0.306,1.1,2.9,0.371,0.2,1.2,0.143,0.439,0.3,0.4,0.8,0.2,1,1.2,0.3,0.2,0,0.3,1.2,3.9,ryanma01
410,Matt Ryan,SF,25,MIN,20,0,8.7,1.3,2.9,0.431,1,2.4,0.396,0.3,0.5,0.6,0.595,0.3,0.4,0.857,0.1,0.5,0.6,0.6,0.2,0.1,0.2,0.7,3.8,ryanma01
411,Domantas Sabonis,C,26,SAC,59,59,34.5,7.1,11.5,0.614,0.4,1.2,0.348,6.7,10.3,0.644,0.632,4.2,5.5,0.767,3,9.4,12.4,6.9,0.8,0.5,3,3.7,18.8,sabondo01
412,Dario Šarić,PF,28,TOT,43,12,14.4,2.2,4.9,0.455,0.8,2,0.388,1.4,2.9,0.5,0.533,1.2,1.4,0.847,1,2.8,3.8,1.4,0.3,0.1,1,1.9,6.3,saricda01
412,Dario Šarić,PF,28,PHO,37,12,14.4,2.1,4.8,0.427,0.7,1.9,0.391,1.3,2.9,0.45,0.503,1,1.2,0.818,1.1,2.8,3.8,1.5,0.4,0.1,1,1.9,5.8,saricda01
412,Dario Šarić,PF,28,OKC,6,0,14.7,3.2,5.2,0.613,1,2.7,0.375,2.2,2.5,0.867,0.71,2.3,2.5,0.933,0.7,2.8,3.5,0.8,0.2,0,1.5,1.8,9.7,saricda01
413,Jordan Schakel,SF,24,WAS,2,0,3,0.5,1,0.5,0.5,0.5,1,0,0.5,0,0.75,0,0,,0,0,0,0.5,0.5,0,0,0.5,1.5,schakjo01
414,Admiral Schofield,PF,25,ORL,29,0,12.3,1.6,3.2,0.479,0.7,1.9,0.339,0.9,1.3,0.684,0.58,0.6,0.7,0.895,0.7,1.1,1.8,0.8,0.2,0.1,0.2,1.8,4.3,schofad01
415,Dennis Schröder,PG,29,LAL,49,44,30.8,4.1,9.7,0.423,1.2,3.5,0.345,2.9,6.2,0.467,0.485,3.2,3.7,0.874,0.3,2.3,2.6,4.5,0.7,0.1,1.7,2.3,12.7,schrode01
416,Dereon Seabron,SG,22,NOP,5,0,2.4,0.4,1,0.4,0,0,,0.4,1,0.4,0.4,0,0,,0.2,0,0.2,0,0,0,0,0.2,0.8,seabrde01
417,Alperen Şengün,C,20,HOU,57,54,28.2,5.8,10.5,0.553,0.2,0.7,0.31,5.6,9.8,0.572,0.564,2.9,3.9,0.737,3.2,5.5,8.6,3.9,0.8,0.9,2.5,3.4,14.8,sengual01
418,Collin Sexton,SG,24,UTA,47,15,24,4.9,9.7,0.507,1,2.5,0.41,3.9,7.2,0.54,0.559,3.4,4.2,0.822,0.8,1.4,2.2,2.9,0.6,0.1,1.8,2.3,14.3,sextoco01
419,Landry Shamet,SG,25,PHO,30,7,21.4,3.1,8.1,0.38,2,5.4,0.377,1,2.7,0.388,0.506,1.4,1.5,0.911,0.3,1.4,1.7,2.2,0.6,0.2,1,1.5,9.5,shamela01
420,Day'Ron Sharpe,C,21,BRK,35,2,10.6,1.7,3.1,0.532,0.1,0.2,0.625,1.5,2.9,0.525,0.555,0.5,0.8,0.593,1.7,2.1,3.8,0.8,0.2,0.6,0.9,2,3.9,sharpda01
421,Shaedon Sharpe,SG,19,POR,61,5,20.3,3.2,6.8,0.469,1,2.8,0.341,2.2,4,0.56,0.54,0.5,0.8,0.667,0.8,1.8,2.5,0.6,0.4,0.3,0.7,1.6,7.9,sharpsh01
422,Pascal Siakam,C,28,TOR,53,53,37.5,9,18.9,0.477,1.4,4.2,0.345,7.6,14.8,0.514,0.515,5.7,7.4,0.769,1.8,5.9,7.7,6,0.8,0.5,2.5,3.3,25.2,siakapa01
423,Chris Silva,PF,26,DAL,1,0,3,1,1,1,0,0,,1,1,1,1,0,0,,0,0,0,0,0,0,1,2,2,silvach01
424,Ben Simmons,PG,26,BRK,42,33,26.3,3.2,5.6,0.566,0,0,0,3.2,5.5,0.571,0.566,0.6,1.4,0.439,1,5.3,6.3,6.1,1.3,0.6,2.3,3.3,6.9,simmobe01
425,Marko Simonovic,C,23,CHI,3,0,1.7,0,0.3,0,0,0.3,0,0,0,,0,0,0,,0,0,0,0,0,0,0,0.3,0,simonma01
426,Anfernee Simons,SG,23,POR,57,57,35.3,7.5,16.8,0.448,3.4,9.1,0.378,4.1,7.7,0.53,0.55,2.6,2.8,0.913,0.3,2.4,2.7,4.1,0.7,0.2,2.1,2.3,21.1,simonan01
427,Jericho Sims,C,24,NYK,49,16,15.8,1.6,2.1,0.769,0,0,0,1.6,2.1,0.777,0.769,0.2,0.3,0.75,1.9,2.8,4.7,0.5,0.3,0.6,0.5,1.9,3.5,simsje01
428,Marcus Smart,PG,28,BOS,46,46,32.4,4.1,9.6,0.422,1.8,5.3,0.333,2.3,4.3,0.53,0.514,1.5,2,0.767,0.7,2.7,3.4,6.7,1.4,0.4,2.3,2.6,11.4,smartma01
429,Dennis Smith Jr.,PG,25,CHO,42,12,25.3,3.4,8,0.422,0.4,1.9,0.213,3,6,0.488,0.448,1.4,1.8,0.753,0.4,2.4,2.8,4.5,1.4,0.5,1.5,2.2,8.5,smithde03
430,Dru Smith,SG,25,TOT,9,1,11.2,1.2,2.9,0.423,0.3,1.3,0.25,0.9,1.6,0.571,0.481,0,0,,0.1,1.6,1.7,1.1,1,0.3,0.2,1.4,2.8,smithdr01
430,Dru Smith,SG,25,MIA,5,1,13.4,1,2.8,0.357,0.2,1.2,0.167,0.8,1.6,0.5,0.393,0,0,,0.2,1.6,1.8,1,0.8,0.6,0.2,2,2.2,smithdr01
430,Dru Smith,SG,25,BRK,4,0,8.5,1.5,3,0.5,0.5,1.5,0.333,1,1.5,0.667,0.583,0,0,,0,1.5,1.5,1.3,1.3,0,0.3,0.8,3.5,smithdr01
431,Ish Smith,PG,34,DEN,31,0,10.2,1.4,3.2,0.424,0.1,0.2,0.333,1.3,3,0.43,0.434,0,0.1,0.5,0.1,1.3,1.4,2.4,0.2,0.2,1.2,0.9,2.8,smithis01
432,Jabari Smith Jr.,PF,19,HOU,59,59,30,4.2,10.8,0.383,1.5,5.2,0.291,2.6,5.7,0.467,0.452,1.9,2.5,0.788,1.3,5.7,7.1,1.2,0.5,1,1.4,2.9,11.8,smithja05
433,Jalen Smith,PF,22,IND,53,28,18.2,3.4,7.3,0.463,0.8,2.9,0.279,2.6,4.4,0.583,0.518,1.5,1.9,0.765,1.8,3.9,5.7,0.9,0.3,0.8,1.1,2.1,9.1,smithja04
434,Jeremy Sochan,PF,19,SAS,50,47,26,4.1,9.3,0.447,0.6,2.2,0.261,3.6,7,0.506,0.478,1.4,2.1,0.689,1.7,3.3,5,2.6,0.7,0.4,1.7,2.5,10.3,sochaje01
435,Jaden Springer,SG,20,PHI,7,0,3.7,1,1.7,0.583,0,0,,1,1.7,0.583,0.583,0.4,0.6,0.75,0.6,0.4,1,0.1,0.3,0.3,0.1,1,2.4,sprinja01
436,Lamar Stevens,PF,25,CLE,45,18,17.4,2,4.4,0.457,0.4,1.5,0.303,1.6,3,0.534,0.508,0.6,0.9,0.718,0.6,2.4,3,0.6,0.4,0.3,0.5,1.2,5.1,stevela01
437,Isaiah Stewart,C,21,DET,50,47,28.3,3.9,8.8,0.442,1.3,4.1,0.327,2.6,4.7,0.542,0.518,2.2,3,0.738,2.3,5.8,8.1,1.4,0.4,0.7,1.4,2.7,11.3,stewais01
438,Max Strus,SF,26,MIA,61,27,29.9,4.3,10.7,0.4,2.5,7.5,0.335,1.8,3.2,0.554,0.518,1.2,1.3,0.877,0.7,2.9,3.6,2.2,0.6,0.2,1,2.2,12.3,strusma01
439,Jalen Suggs,PG,21,ORL,38,14,23,3.3,8.1,0.409,1.1,3.7,0.3,2.2,4.4,0.5,0.477,1.5,2.2,0.707,1,1.9,2.9,3.3,1.2,0.5,1.8,2.3,9.3,suggsja01
440,Edmond Sumner,SG,27,BRK,46,12,14.5,2.5,5.3,0.459,0.6,1.8,0.346,1.8,3.6,0.515,0.516,1.9,2.1,0.926,0.2,1.3,1.6,1.4,0.7,0.2,1,1.7,7.4,sumneed01
441,Cole Swider,SF,23,LAL,6,0,6.7,0.5,1.5,0.333,0.5,1.3,0.375,0,0.2,0,0.5,0,0,,0.2,1,1.2,0.7,0,0,0,0.5,1.5,swideco01
442,Jae'Sean Tate,SF,27,HOU,23,7,21.4,3.4,7.3,0.467,0.4,1.4,0.273,3,5.8,0.515,0.494,1.3,2,0.674,1.5,2.2,3.7,2.5,0.6,0.2,1.5,3.3,8.5,tateja01
443,Jayson Tatum,PF,24,BOS,59,59,37.3,9.9,21.3,0.462,3.3,9.3,0.355,6.6,12.1,0.545,0.539,7.3,8.5,0.862,1.1,7.6,8.7,4.7,1,0.8,3,2.1,30.3,tatumja01
444,Terry Taylor,PF,23,TOT,27,2,8.6,1.2,2.5,0.478,0.1,0.7,0.222,1,1.8,0.571,0.507,0.2,0.3,0.714,0.8,0.6,1.4,0.4,0.1,0.2,0.3,0.9,2.7,taylote01
444,Terry Taylor,PF,23,IND,26,2,8.8,1.2,2.5,0.462,0.2,0.7,0.222,1,1.8,0.553,0.492,0.2,0.3,0.714,0.8,0.7,1.5,0.4,0.1,0.2,0.3,0.9,2.7,taylote01
444,Terry Taylor,PF,23,CHI,1,0,4,2,2,1,0,0,,2,2,1,1,0,0,,0,0,0,0,0,0,0,1,4,taylote01
445,Garrett Temple,SG,36,NOP,19,0,7,0.8,1.9,0.405,0.5,1.1,0.429,0.3,0.8,0.375,0.527,0.2,0.2,0.75,0.1,0.5,0.6,0.5,0.5,0.1,0.2,0.7,2.2,templga01
446,Dalen Terry,SG,20,CHI,25,0,5.1,0.7,1.6,0.45,0.2,0.6,0.333,0.5,1,0.52,0.513,0.2,0.4,0.5,0.3,0.5,0.8,0.6,0.2,0.2,0.2,0.4,1.8,terryda01
447,Daniel Theis,C,30,IND,7,1,15.6,3,6.3,0.477,0.3,1.6,0.182,2.7,4.7,0.576,0.5,0.7,1.7,0.417,1,2.1,3.1,1.3,0.3,0.9,0.4,1,7,theisda01
448,Cam Thomas,SG,21,BRK,45,3,17.4,3.7,8.2,0.446,0.9,2.3,0.394,2.8,5.9,0.466,0.501,3,3.5,0.854,0.2,1.6,1.7,1.6,0.4,0.1,1.1,1.1,11.2,thomaca02
449,Klay Thompson,SG,32,GSW,50,50,32.8,7.9,18.5,0.427,4.4,10.7,0.409,3.5,7.8,0.452,0.545,1.9,2.1,0.896,0.7,3.3,4,2.5,0.7,0.3,1.8,2,22.1,thompkl01
450,JT Thor,PF,20,CHO,51,3,11.6,0.9,2.6,0.358,0.3,1.3,0.25,0.6,1.4,0.457,0.418,0.4,0.6,0.621,0.5,1.3,1.8,0.4,0.3,0.2,0.5,0.8,2.5,thorjt01
451,Matisse Thybulle,SG,25,TOT,55,12,14.1,1.3,2.9,0.452,0.6,1.6,0.393,0.7,1.2,0.529,0.564,0.2,0.2,0.692,0.5,1.1,1.6,0.6,1,0.4,0.2,1.5,3.4,thybuma01
451,Matisse Thybulle,SG,25,PHI,49,6,12.1,1,2.4,0.431,0.4,1.3,0.333,0.6,1.1,0.547,0.522,0.2,0.2,0.75,0.4,0.9,1.3,0.5,0.9,0.3,0.2,1.3,2.7,thybuma01
451,Matisse Thybulle,SG,25,POR,6,6,30.3,3.5,6.8,0.512,2.3,4.3,0.538,1.2,2.5,0.467,0.683,0,0.2,0,1.5,2.7,4.2,1.8,1.8,1.7,0.5,3,9.3,thybuma01
452,Xavier Tillman Sr.,PF,24,MEM,42,11,16.1,2.4,4,0.599,0.1,0.3,0.25,2.3,3.7,0.626,0.608,0.8,1.5,0.532,1.9,2.4,4.3,1.2,0.8,0.5,0.6,1.4,5.6,tillmxa01
453,Isaiah Todd,PF,21,WAS,4,0,3.3,0.3,1,0.25,0,0.8,0,0.3,0.3,1,0.25,0,0,,0,0,0,0,0,0,0,0,0.5,toddis01
454,Obi Toppin,PF,24,NYK,49,0,14.7,2.3,5.6,0.412,1.1,3.3,0.342,1.2,2.3,0.514,0.513,0.5,0.7,0.758,0.5,2.6,3,0.8,0.3,0.2,0.6,1,6.2,toppiob01
455,Juan Toscano-Anderson,SF,29,TOT,34,7,12.4,1.1,2.3,0.468,0.1,0.7,0.208,0.9,1.6,0.585,0.5,0.3,0.4,0.733,0.5,1.8,2.3,0.9,0.4,0.2,0.6,1.6,2.6,toscaju01
455,Juan Toscano-Anderson,SF,29,LAL,30,7,12.2,1.1,2.2,0.5,0.1,0.7,0.2,1,1.5,0.63,0.53,0.4,0.5,0.733,0.5,1.6,2,0.8,0.3,0.2,0.6,1.5,2.7,toscaju01
455,Juan Toscano-Anderson,SF,29,UTA,4,0,14.3,0.8,2.8,0.273,0.3,1,0.25,0.5,1.8,0.286,0.318,0,0,,0.5,3.5,4,1,0.5,0.3,0.8,1.8,1.8,toscaju01
456,Karl-Anthony Towns,PF,27,MIN,21,21,33.8,7.3,14.4,0.505,1.8,5.6,0.325,5.5,8.9,0.618,0.568,4.4,5,0.885,1.7,6.5,8.2,5.3,0.8,0.7,3.1,3.9,20.8,townska01
457,Gary Trent Jr.,SG,24,TOR,54,43,33.5,6.4,14.8,0.434,2.7,7.3,0.368,3.8,7.5,0.499,0.525,2.9,3.4,0.842,0.4,2.2,2.6,1.6,1.6,0.3,1,1.7,18.4,trentga02
458,P.J. Tucker,PF,37,PHI,59,59,26.1,1.3,3,0.432,0.7,1.8,0.415,0.5,1.2,0.457,0.557,0.3,0.4,0.864,1.3,2.8,4.1,0.8,0.5,0.2,0.6,2.5,3.6,tuckepj01
459,Myles Turner,C,26,IND,53,53,29.9,6.5,11.9,0.549,1.7,4.2,0.403,4.8,7.7,0.628,0.62,3.5,4.4,0.786,1.5,6.4,8,1.3,0.6,2.3,1.6,3.4,18.2,turnemy01
460,Stanley Umude,SG,23,DET,1,0,2,0,1,0,0,1,0,0,0,,0,2,2,1,0,0,0,0,1,1,0,0,2,umudest01
461,Jonas Valančiūnas,C,30,NOP,61,61,24.9,5.6,10.4,0.542,0.5,1.5,0.337,5.1,8.9,0.577,0.566,2.5,3,0.821,2.8,6.9,9.7,1.7,0.3,0.5,1.9,3.1,14.2,valanjo01
462,Jarred Vanderbilt,PF,23,TOT,59,46,24,3.3,5.9,0.557,0.3,1,0.328,2.9,4.9,0.606,0.586,1.3,1.9,0.684,2.4,5.5,7.9,2.6,1.1,0.3,1.3,2.5,8.2,vandeja01
462,Jarred Vanderbilt,PF,23,UTA,52,41,24.1,3.3,6,0.556,0.4,1.1,0.333,3,4.9,0.606,0.587,1.3,2,0.657,2.3,5.5,7.9,2.7,1,0.3,1.3,2.6,8.3,vandeja01
462,Jarred Vanderbilt,PF,23,LAL,7,5,23.3,3,5.3,0.568,0.1,0.6,0.25,2.9,4.7,0.606,0.581,1.6,1.7,0.917,2.6,5.4,8,2,1.4,0.4,1.3,1.9,7.7,vandeja01
463,Fred VanVleet,PG,28,TOR,51,51,36.9,6.3,16.2,0.39,3,8.7,0.339,3.4,7.5,0.449,0.481,3.7,4.2,0.893,0.5,3.8,4.4,6.7,1.6,0.6,1.9,2.8,19.4,vanvlfr01
464,Devin Vassell,SG,22,SAS,29,24,31.3,7.1,16,0.445,2.8,7,0.404,4.3,9,0.477,0.533,2.4,3,0.793,0.2,3.8,4,3.6,1.2,0.4,1.6,1.4,19.4,vassede01
465,Gabe Vincent,PG,26,MIA,49,15,26.3,3.4,8.7,0.391,1.7,5.4,0.318,1.7,3.2,0.513,0.491,1.2,1.3,0.877,0.4,1.9,2.3,2.5,0.9,0.1,1.4,2.5,9.7,vincega01
466,Noah Vonleh,C,27,BOS,23,1,7.4,0.5,1,0.458,0,0.2,0.25,0.4,0.9,0.5,0.479,0.1,0.1,1,0.8,1.3,2.1,0.3,0.1,0.3,0.5,1.5,1.1,vonleno01
467,Nikola Vučević,C,32,CHI,63,63,33.8,7.3,14.2,0.513,1.6,4.6,0.349,5.7,9.5,0.593,0.571,1.6,2,0.813,2,9.3,11.3,3.3,0.7,0.8,1.7,2.2,17.7,vucevni01
468,Dean Wade,PF,26,CLE,35,9,20.8,1.8,4.1,0.428,1.1,2.9,0.373,0.7,1.2,0.558,0.559,0.4,0.7,0.652,0.5,3.2,3.6,0.9,0.7,0.5,0.4,2.2,5.1,wadede01
469,Franz Wagner,SF,21,ORL,62,62,33.1,6.8,14.1,0.485,1.7,4.5,0.369,5.1,9.5,0.541,0.545,3.5,4.2,0.835,0.9,3,4,3.4,0.9,0.2,2.1,2.3,18.8,wagnefr01
470,Moritz Wagner,C,25,ORL,42,14,20.7,3.6,7.3,0.49,1,3.1,0.313,2.6,4.2,0.623,0.557,2.8,3.3,0.855,1.3,3.3,4.6,1.7,0.7,0.2,1.2,2.7,10.9,wagnemo01
471,Ish Wainright,SF,28,PHO,45,1,15.4,1.4,3.8,0.385,1,2.8,0.341,0.5,1,0.512,0.512,0.5,0.6,0.84,0.8,1.3,2.1,1,0.8,0.3,0.4,2,4.3,wainris01
472,Jabari Walker,SF,20,POR,41,0,9,1,2.4,0.443,0.1,0.6,0.192,0.9,1.7,0.535,0.469,0.5,0.7,0.724,0.8,1.2,2,0.5,0.1,0.2,0.3,1,2.7,walkeja01
473,Kemba Walker,PG,32,DAL,9,1,16,2.7,6.3,0.421,0.8,3.1,0.25,1.9,3.2,0.586,0.482,1.9,2.3,0.81,0.3,1.4,1.8,2.1,0.2,0.2,0.4,1.2,8,walkeke02
474,Lonnie Walker IV,SG,24,LAL,46,32,25.6,4.7,10.3,0.451,1.8,4.7,0.376,2.9,5.6,0.516,0.538,1.9,2.2,0.87,0.3,1.8,2.1,1.3,0.6,0.3,0.9,1.4,13,walkelo01
475,John Wall,PG,32,LAC,34,3,22.2,4.1,9.9,0.408,1,3.2,0.303,3.1,6.7,0.459,0.457,2.3,3.3,0.681,0.4,2.3,2.7,5.2,0.8,0.4,2.4,1.7,11.4,walljo01
476,T.J. Warren,PF-SF,29,TOT,29,0,17.9,3.7,7.2,0.505,0.6,1.7,0.34,3.1,5.5,0.556,0.545,0.9,1.1,0.818,0.5,2.2,2.8,1,0.6,0.3,0.6,1.6,8.8,warretj01
476,T.J. Warren,PF,29,BRK,26,0,18.8,3.9,7.7,0.51,0.6,1.8,0.333,3.3,5.8,0.566,0.55,1,1.3,0.818,0.5,2.3,2.8,1.1,0.6,0.3,0.7,1.7,9.5,warretj01
476,T.J. Warren,SF,29,PHO,3,0,9.3,1.3,3.3,0.4,0.3,0.7,0.5,1,2.7,0.375,0.45,0,0,,0.7,2,2.7,0,0.7,0.3,0.3,0.7,3,warretj01
477,Duane Washington Jr.,SG,22,PHO,31,3,12.7,3,8.3,0.367,1.3,3.6,0.36,1.7,4.7,0.372,0.445,0.5,0.8,0.667,0.1,1.1,1.2,2,0.2,0.1,1.1,0.7,7.9,washidu02
478,P.J. Washington,PF,24,CHO,60,60,32.9,5.8,13,0.444,2,5.8,0.35,3.8,7.2,0.518,0.521,1.7,2.3,0.748,1,3.7,4.8,2.4,0.9,1.1,1.4,2.7,15.3,washipj01
479,TyTy Washington Jr.,PG,21,HOU,27,2,14.5,2,5.5,0.358,0.6,2.7,0.222,1.4,2.8,0.487,0.412,0.4,0.6,0.625,0.1,1.4,1.4,1.7,0.4,0.1,0.5,1,4.9,washity02
480,Yuta Watanabe,SF,28,BRK,44,0,17.8,2.3,4.4,0.521,1.2,2.5,0.482,1.1,1.9,0.571,0.657,0.7,0.9,0.744,0.6,1.9,2.5,0.9,0.4,0.3,0.4,1.5,6.5,watanyu01
481,Lindy Waters III,SG,25,OKC,26,0,11.4,1.5,3.7,0.396,1.3,3.4,0.371,0.2,0.3,0.714,0.568,0.3,0.4,0.8,0.3,1.4,1.7,0.7,0.4,0.3,0.2,1,4.5,waterli01
482,Trendon Watford,PF,22,POR,46,2,16.9,2.1,3.7,0.57,0.3,0.8,0.432,1.8,2.9,0.607,0.616,1.1,1.5,0.714,0.7,2.8,3.4,1.9,0.4,0.1,1,1.9,5.7,watfotr01
483,Peyton Watson,SG,20,DEN,14,0,3.1,0.7,1.4,0.526,0.1,0.3,0.5,0.6,1.1,0.533,0.579,0,0.1,0,0.2,0.4,0.6,0.1,0,0.1,0.1,0.1,1.6,watsope01
484,Blake Wesley,SG,19,SAS,18,1,14.3,1.8,4.6,0.386,0.6,1.3,0.478,1.2,3.3,0.35,0.452,0.6,0.9,0.588,0.2,1.6,1.8,1.6,0.6,0.1,1.4,1.9,4.7,weslebl01
485,Russell Westbrook,PG,34,TOT,55,6,28.8,5.9,13.9,0.422,1.2,4,0.302,4.6,9.8,0.471,0.466,3,4.5,0.667,1.1,5,6.1,7.6,1.1,0.4,3.6,2.4,15.9,westbru01
485,Russell Westbrook,PG,34,LAL,52,3,28.7,5.8,14,0.417,1.2,4.1,0.296,4.6,9.9,0.467,0.46,3,4.6,0.655,1.1,5,6.2,7.5,1,0.4,3.5,2.3,15.9,westbru01
485,Russell Westbrook,PG,34,LAC,3,3,31,6,11.3,0.529,1.3,3,0.444,4.7,8.3,0.56,0.588,2.7,2.7,1,1,4.7,5.7,9.3,2.3,0,4.3,3.7,16,westbru01
486,Coby White,SG,22,CHI,55,1,22.4,3.2,7.6,0.421,1.7,4.6,0.358,1.5,3,0.518,0.53,0.9,1.1,0.845,0.2,2.5,2.7,2.1,0.8,0.1,0.8,1.7,8.9,whiteco01
487,Derrick White,SG,28,BOS,63,52,27.7,4.1,9,0.455,1.8,4.6,0.381,2.3,4.3,0.533,0.553,1.9,2.2,0.864,0.6,2.7,3.3,3.8,0.7,0.9,1.1,2.2,11.8,whitede01
488,Jack White,SF,25,DEN,15,0,3.1,0.5,1.1,0.438,0.2,0.5,0.375,0.3,0.5,0.5,0.531,0.1,0.2,0.667,0.2,0.3,0.5,0.1,0.1,0.1,0.1,0.5,1.3,whiteja03
489,Joe Wieskamp,SF,23,TOR,3,0,8,1,2.7,0.375,1,2.3,0.429,0,0.3,0,0.563,0,0,,0,0.7,0.7,0.3,0,0,0.3,0.3,3,wieskjo01
490,Aaron Wiggins,SG,24,OKC,50,12,18.8,2.5,5,0.502,0.7,1.8,0.393,1.8,3.2,0.563,0.572,0.8,0.9,0.83,1.1,2.1,3.2,1.4,0.5,0.2,0.8,1.6,6.5,wiggiaa01
491,Andrew Wiggins,SF,27,GSW,37,37,32.2,6.8,14.3,0.473,2.4,6.1,0.396,4.4,8.2,0.53,0.557,1.2,1.9,0.611,1.6,3.4,5,2.3,1.2,0.8,1.3,2.9,17.1,wiggian01
492,Alondes Williams,SG,23,BRK,1,0,5,0,0,,0,0,,0,0,,,0,0,,0,1,1,0,0,0,2,1,0,willial06
493,Grant Williams,PF,24,BOS,61,21,27.3,2.8,6.2,0.457,1.5,3.7,0.404,1.3,2.5,0.536,0.577,1.3,1.6,0.827,1.1,3.7,4.8,1.8,0.6,0.4,1.1,2.6,8.4,willigr01
494,Jalen Williams,SG,21,OKC,58,45,29.4,5.1,10,0.511,0.9,2.7,0.333,4.2,7.2,0.579,0.557,1.7,2.2,0.772,1,3.2,4.2,3.1,1.3,0.5,1.6,2.6,12.8,willija06
495,Jaylin Williams,PF,20,OKC,30,17,16.8,2.1,4.6,0.449,0.8,1.9,0.429,1.3,2.7,0.463,0.536,0.7,1,0.69,0.9,3.9,4.8,1.5,0.4,0.2,0.7,1.9,5.6,willija07
496,Kenrich Williams,PF,28,OKC,53,10,22.8,3.4,6.5,0.517,0.9,2.5,0.373,2.4,4,0.608,0.59,0.3,0.7,0.436,1.8,3.1,4.9,2,0.8,0.3,0.6,2.1,8,willike04
497,Mark Williams,C,21,CHO,33,8,17.1,3.4,5.3,0.634,0,0,,3.4,5.3,0.634,0.634,1.5,2.1,0.725,2,4.3,6.3,0.4,0.7,1.2,0.8,2.3,8.2,willima07
498,Patrick Williams,PF,21,CHI,63,58,28.8,3.8,8.3,0.462,1.4,3.4,0.413,2.4,4.9,0.495,0.546,1.1,1.3,0.866,1,3.3,4.3,1.3,0.8,0.8,1.3,1.9,10.1,willipa01
499,Robert Williams,C,25,BOS,27,17,24.4,3.9,5.2,0.757,0,0,0,3.9,5.1,0.763,0.757,0.7,1,0.643,3.1,5.6,8.7,1.6,0.5,1.1,0.9,1.9,8.5,williro04
500,Vince Williams Jr.,SG,22,MEM,10,0,4.9,0.3,1.3,0.231,0.1,0.9,0.111,0.2,0.4,0.5,0.269,0,0,,0.2,0.5,0.7,0.3,0.4,0.1,0.1,0.6,0.7,willivi01
501,Ziaire Williams,SF,21,MEM,31,3,16,2.2,5.3,0.411,0.6,2.7,0.241,1.5,2.6,0.588,0.472,0.4,0.5,0.765,0.4,1.9,2.3,0.8,0.4,0.2,1,1.7,5.4,willizi02
502,Zion Williamson,PF,22,NOP,29,29,33,9.8,16.2,0.608,0.2,0.7,0.368,9.6,15.5,0.618,0.615,6.1,8.6,0.714,2,5,7,4.6,1.1,0.6,3.4,2.2,26,willizi01
503,Justise Winslow,SF,26,POR,29,11,26.8,2.8,6.8,0.409,0.5,1.6,0.311,2.3,5.3,0.438,0.444,0.7,1,0.714,1.7,3.3,5,3.4,1,0.4,1.5,3.1,6.8,winslju01
504,James Wiseman,C,21,TOT,26,3,14.8,3.3,5.3,0.616,0.1,0.3,0.286,3.2,5,0.634,0.623,1.2,1.8,0.667,1.1,3.3,4.4,0.6,0.1,0.3,0.8,2,7.8,wisemja01
504,James Wiseman,C,21,GSW,21,0,12.5,2.8,4.5,0.628,0,0.1,0.5,2.8,4.4,0.63,0.633,1.2,1.8,0.684,0.9,2.6,3.5,0.7,0.1,0.3,0.7,1.9,6.9,wisemja01
504,James Wiseman,C,21,DET,5,3,24.6,5.2,8.8,0.591,0.2,1,0.2,5,7.8,0.641,0.602,1.2,2,0.6,2.2,6,8.2,0.4,0,0.2,1.6,2.8,11.8,wisemja01
505,Christian Wood,C,27,DAL,51,17,27.2,6.4,12.2,0.522,1.7,4.6,0.368,4.7,7.6,0.615,0.591,3.1,4.1,0.766,1.3,6.6,7.9,1.7,0.4,1.2,1.9,2.7,17.5,woodch01
506,Delon Wright,PG,30,WAS,32,4,22.9,2.5,5.3,0.476,0.8,2.3,0.365,1.7,2.9,0.564,0.557,1,1.1,0.912,1.2,2.1,3.2,3.5,1.9,0.3,0.9,1.3,6.8,wrighde01
507,McKinley Wright IV,PG,24,DAL,20,1,10.3,1.2,2.5,0.469,0.2,0.7,0.286,1,1.8,0.543,0.51,0.4,0.6,0.636,0.3,1,1.3,1.9,0.4,0.2,0.6,0.9,2.9,wrighmc01
508,Thaddeus Young,PF,34,TOR,50,9,15.5,2.1,3.8,0.56,0.1,0.7,0.176,2,3.1,0.643,0.576,0.4,0.5,0.692,1.4,1.8,3.2,1.5,1.1,0.1,0.8,1.7,4.8,youngth01
509,Trae Young,PG,24,ATL,55,55,35.3,8.5,19.9,0.429,2.2,6.6,0.327,6.4,13.3,0.48,0.484,7.9,8.8,0.889,0.7,2.2,2.9,10.1,1,0.2,4.1,1.5,27.1,youngtr01
510,Cody Zeller,C,30,MIA,4,0,15.5,2,3.3,0.615,0,0,,2,3.3,0.615,0.615,2,3,0.667,1.3,1.5,2.8,1,0.3,0.8,0.5,2.8,6,zelleco01
511,Ivica Zubac,C,25,LAC,60,60,29.4,4,6.5,0.619,0,0,0,4,6.5,0.622,0.619,2.2,3.1,0.703,3.3,6.8,10.1,1.1,0.4,1.3,1.7,3,10.2,zubaciv01